/*
SQLyog v10.2 
MySQL - 5.5.40 : Database - sokadb
*********************************************************************
*/

/*!40101 SET NAMES utf8 */;

/*!40101 SET SQL_MODE=''*/;

/*!40014 SET @OLD_UNIQUE_CHECKS=@@UNIQUE_CHECKS, UNIQUE_CHECKS=0 */;
/*!40014 SET @OLD_FOREIGN_KEY_CHECKS=@@FOREIGN_KEY_CHECKS, FOREIGN_KEY_CHECKS=0 */;
/*!40101 SET @OLD_SQL_MODE=@@SQL_MODE, SQL_MODE='NO_AUTO_VALUE_ON_ZERO' */;
/*!40111 SET @OLD_SQL_NOTES=@@SQL_NOTES, SQL_NOTES=0 */;
CREATE DATABASE /*!32312 IF NOT EXISTS*/`sokadb` /*!40100 DEFAULT CHARACTER SET utf8 */;

USE `sokadb`;

/*Table structure for table `sk_access` */

DROP TABLE IF EXISTS `sk_access`;

CREATE TABLE `sk_access` (
  `role_id` int(5) NOT NULL,
  `node_id` int(5) NOT NULL,
  KEY `role_id` (`role_id`),
  KEY `node_id` (`node_id`)
) ENGINE=MyISAM DEFAULT CHARSET=utf8;

/*Data for the table `sk_access` */

insert  into `sk_access`(`role_id`,`node_id`) values (1,116),(1,115),(1,110),(1,109),(1,108),(1,107),(1,104),(1,106),(1,105),(1,103),(1,102),(1,101),(1,150),(1,149),(1,148),(1,100),(1,99),(1,199),(1,198),(1,197),(1,51),(1,50),(1,16),(1,15),(1,14),(1,13),(1,12),(1,11),(1,10),(1,9),(1,8),(1,7),(1,6),(1,5),(1,4),(1,3),(1,2),(1,1),(1,145),(1,160),(1,161),(1,195),(1,196),(1,117),(1,118),(1,132),(1,162),(1,163),(1,121),(1,122),(1,123),(1,124),(1,125),(1,133),(1,134),(1,164),(1,165),(1,166),(1,181),(1,135),(1,136),(1,137),(1,172),(1,173),(1,174),(1,179),(1,180),(1,139),(1,140),(1,154),(1,155),(1,156),(1,141),(1,142),(1,151),(1,152),(1,153),(1,143),(1,144),(1,157),(1,146),(1,147),(1,158),(1,159),(1,167),(1,168),(1,169),(1,171),(1,177),(1,178),(1,182),(1,183),(1,184),(1,185),(1,186),(1,187),(1,188),(1,189),(1,190),(1,191),(1,192),(1,193),(1,194),(1,200),(1,201),(1,202),(1,203),(1,208),(1,209),(2,245),(2,244),(2,239),(2,238),(2,236),(2,235),(2,233),(2,228),(2,227),(2,225),(2,224),(2,223),(2,222),(2,226),(2,221),(2,220),(2,218),(2,217),(2,216),(2,215),(2,214),(2,213),(2,212),(2,242),(2,241),(2,211),(2,202),(2,201),(2,231),(2,193),(2,190),(2,189),(2,188),(2,185),(2,184),(2,183),(2,178),(2,177),(2,169),(2,168),(2,144),(2,143),(2,152),(2,151),(2,142),(2,155),(2,154),(2,140),(2,219),(2,179),(2,174),(2,173),(2,172),(2,136),(2,181),(2,164),(2,134),(2,123),(2,122),(2,250),(2,132),(2,118),(2,195),(2,145),(2,131),(2,116),(2,109),(2,108),(2,107),(2,105),(2,103),(2,102),(2,149),(2,148),(2,100),(2,246),(2,199),(2,198),(2,197),(2,51),(2,50),(2,13),(2,11),(2,8),(2,7),(2,3),(2,2);

/*Table structure for table `sk_ad` */

DROP TABLE IF EXISTS `sk_ad`;

CREATE TABLE `sk_ad` (
  `id` smallint(5) NOT NULL AUTO_INCREMENT,
  `board_id` smallint(5) NOT NULL,
  `type` varchar(20) NOT NULL,
  `name` varchar(50) NOT NULL,
  `url` varchar(255) NOT NULL,
  `code` text NOT NULL,
  `start_time` int(10) NOT NULL,
  `end_time` int(10) NOT NULL,
  `clicks` int(10) NOT NULL DEFAULT '0',
  `add_time` int(10) NOT NULL,
  `ordid` int(10) NOT NULL,
  `status` tinyint(1) NOT NULL DEFAULT '1',
  PRIMARY KEY (`id`),
  KEY `board_id` (`board_id`,`start_time`,`end_time`,`status`)
) ENGINE=MyISAM AUTO_INCREMENT=8 DEFAULT CHARSET=utf8;

/*Data for the table `sk_ad` */

insert  into `sk_ad`(`id`,`board_id`,`type`,`name`,`url`,`code`,`start_time`,`end_time`,`clicks`,`add_time`,`ordid`,`status`) values (6,6,'image','59秒开放平台','http://www.59miao.com','50165dc897fbe.jpg',1333595088,1365217491,103,1333681516,1,0),(7,5,'code','凡客','','<a href=\"http://r.59miao.com/?e=103098&s=1064&a=\" target=\"_blank\"><img border=\"0\" src=\"http://www.duomai.com/Public/Uploads/d5755cdbca7ca21daccf62114f129dba.gif\" alt=\"格子衬衫 79元起\" /></a>',1333683143,1365219146,11,1333683151,2,0);

/*Table structure for table `sk_adboard` */

DROP TABLE IF EXISTS `sk_adboard`;

CREATE TABLE `sk_adboard` (
  `id` smallint(5) NOT NULL AUTO_INCREMENT,
  `name` varchar(50) NOT NULL,
  `type` varchar(20) NOT NULL,
  `width` smallint(5) NOT NULL,
  `height` smallint(5) NOT NULL,
  `description` varchar(255) NOT NULL,
  `status` tinyint(1) NOT NULL DEFAULT '0',
  PRIMARY KEY (`id`)
) ENGINE=MyISAM AUTO_INCREMENT=7 DEFAULT CHARSET=utf8;

/*Data for the table `sk_adboard` */

insert  into `sk_adboard`(`id`,`name`,`type`,`width`,`height`,`description`,`status`) values (1,'首页焦点图','focus',580,280,'',1);

/*Table structure for table `sk_address` */

DROP TABLE IF EXISTS `sk_address`;

CREATE TABLE `sk_address` (
  `addr_id` int(10) unsigned NOT NULL,
  `usr_id` int(10) unsigned DEFAULT NULL,
  `consignee` varchar(60) DEFAULT NULL,
  `region_id` int(10) unsigned DEFAULT NULL,
  `region_name` varchar(255) DEFAULT NULL,
  `address` varchar(255) DEFAULT NULL,
  `zipcode` varchar(20) DEFAULT NULL,
  `phone_tel` varchar(60) DEFAULT NULL,
  `phone_mob` varchar(60) DEFAULT NULL,
  PRIMARY KEY (`addr_id`),
  KEY `usr_idx` (`usr_id`)
) ENGINE=MyISAM DEFAULT CHARSET=utf8;

/*Data for the table `sk_address` */

/*Table structure for table `sk_admin` */

DROP TABLE IF EXISTS `sk_admin`;

CREATE TABLE `sk_admin` (
  `id` int(10) NOT NULL AUTO_INCREMENT,
  `user_name` varchar(50) NOT NULL,
  `password` varchar(100) NOT NULL,
  `add_time` int(10) DEFAULT NULL,
  `last_time` int(10) DEFAULT NULL,
  `status` tinyint(1) unsigned NOT NULL DEFAULT '1',
  `role_id` int(10) NOT NULL,
  PRIMARY KEY (`id`)
) ENGINE=MyISAM AUTO_INCREMENT=2 DEFAULT CHARSET=utf8;

/*Data for the table `sk_admin` */

insert  into `sk_admin`(`id`,`user_name`,`password`,`add_time`,`last_time`,`status`,`role_id`) values (1,'admin','7fef6171469e80d32c0559f88b377245',1426385952,NULL,1,1);

/*Table structure for table `sk_article` */

DROP TABLE IF EXISTS `sk_article`;

CREATE TABLE `sk_article` (
  `id` int(10) unsigned NOT NULL,
  `cate_id` tinyint(4) unsigned NOT NULL,
  `title` varchar(255) NOT NULL,
  `orig` varchar(255) NOT NULL,
  `img` varchar(255) NOT NULL,
  `url` varchar(255) NOT NULL,
  `abst` varchar(500) NOT NULL,
  `info` mediumtext NOT NULL,
  `add_time` int(11) DEFAULT NULL,
  `ordid` tinyint(4) NOT NULL,
  `is_hot` tinyint(1) NOT NULL DEFAULT '0',
  `is_best` tinyint(1) NOT NULL DEFAULT '0',
  `status` tinyint(1) NOT NULL DEFAULT '0' COMMENT '0-待审核 1-已审核',
  `seo_title` varchar(255) NOT NULL,
  `seo_keys` varchar(255) NOT NULL,
  `seo_desc` text NOT NULL,
  `hits` int(10) NOT NULL DEFAULT '0',
  PRIMARY KEY (`id`),
  KEY `is_best` (`is_best`),
  KEY `add_time` (`add_time`),
  KEY `cate_id` (`cate_id`)
) ENGINE=MyISAM AUTO_INCREMENT=21 DEFAULT CHARSET=utf8;

/*Data for the table `sk_article` */

insert  into `sk_article`(`id`,`cate_id`,`title`,`orig`,`img`,`url`,`abst`,`info`,`add_time`,`ordid`,`is_hot`,`is_best`,`status`,`seo_title`,`seo_keys`,`seo_desc`,`hits`) values (1,20,'公司简介','','','','','Normal07.8 磅02falsefalsefalseEN<span style=\"background-color:#E56600;\">-USZH-CNX-NONEMicrosoft</span>InternetExplorer4<!--[endif]----><!--[if gte mso 9]><![endif]--><!--[if gte mso 10]>\r\n<![endif]-->\r\n<p class=\"MsoNormal\">\r\n	<span style=\"font-family:宋体;\">wegou是国内时尚返利购物社区，致力于为用户提供最好时尚购物体验，用最好的互联网技术为用户解决“如何网购更省钱”的问题。</span> \r\n</p>',1426946903,0,0,0,1,'','','',0),(3,19,'联系我们','','','','中国思想界很容易走向两个极端：一个是我现在这样就行了，比西方还好；一个是这样根本走不通，必须要替换成西方那样。这是左右极端的分歧。但你要正视现实——香港过去是港英当局执政，连政党都没有，但是司法也搞起来了；新加坡一党独大，但是法治也发展起来了。所谓rule of law，一个是立法，这个在任何国家都是由执政党控制的；一个是法律到位了以后，司法领域的问题就应该由专业人士操作。当下的反腐败，纵向来看，从中国历史来说，至少可以和朱元璋时代相比了。横向来看，事实上许多国家的发展都要经历这样的过程，当下的反腐败，纵向来看，从中国历史来说，至少可以和朱元璋时代相比了。横向来看，事实上许多国家的发展都要经历这样的过程，比如美国，19世纪末20世纪初的时候，也是大规模的反腐。虽然要经历短期的调整，但长期来说对经济是有好处的。','<p>\r\n	联系电话：010-66668888\r\n</p>\r\n<p>\r\n	<br />\r\n</p>\r\n<p>\r\n	官方网站：http:\r\n</p>\r\n<br />\r\n<p>\r\n	<br />\r\n</p>\r\n<p>\r\n	<br />\r\n</p>',1426944903,0,0,0,1,'','','',0),(4,1,'隐私政策','','','','隐私政策','<div><!--[if gte mso 9]><xml>  <w:worddocument>   <w:view>Normal</w:view>   <w:zoom>0</w:zoom>   <w:trackmoves />   <w:trackformatting />   <w:punctuationkerning />   <w:drawinggridverticalspacing>7.8 磅</w:drawinggridverticalspacing>   <w:displayhorizontaldrawinggridevery>0</w:displayhorizontaldrawinggridevery>   <w:displayverticaldrawinggridevery>2</w:displayverticaldrawinggridevery>   <w:validateagainstschemas />   <w:saveifxmlinvalid>false</w:saveifxmlinvalid>   <w:ignoremixedcontent>false</w:ignoremixedcontent>   <w:alwaysshowplaceholdertext>false</w:alwaysshowplaceholdertext>   <w:donotpromoteqf />   <w:lidthemeother>EN-US</w:lidthemeother>   <w:lidthemeasian>ZH-CN</w:lidthemeasian>   <w:lidthemecomplexscript>X-NONE</w:lidthemecomplexscript>   <w:compatibility>    <w:spaceforul />    <w:balancesinglebytedoublebytewidth />    <w:donotleavebackslashalone />    <w:ultrailspace />    <w:donotexpandshiftreturn />    <w:adjustlineheightintable />    <w:breakwrappedtables />    <w:snaptogridincell />    <w:wraptextwithpunct />    <w:useasianbreakrules />    <w:dontgrowautofit />    <w:splitpgbreakandparamark />    <w:dontvertaligncellwithsp />    <w:dontbreakconstrainedforcedtables />    <w:dontvertalignintxbx />    <w:word11kerningpairs />    <w:cachedcolbalance />    <w:usefelayout />   </w:compatibility>   <w:browserlevel>MicrosoftInternetExplorer4</w:browserlevel>   <m:mathpr>    <m:mathfont m:val=\"Cambria Math\" />    <m:brkbin m:val=\"before\" />    <m:brkbinsub m:val=\"--\" />    <m:smallfrac m:val=\"off\" />    <m:dispdef />    <m:lmargin m:val=\"0\" />    <m:rmargin m:val=\"0\" />    <m:defjc m:val=\"centerGroup\" />    <m:wrapindent m:val=\"1440\" />    <m:intlim m:val=\"subSup\" />    <m:narylim m:val=\"undOvr\" />   </m:mathpr></w:worddocument> </xml><![endif]--><!--[if gte mso 9]><xml>  <w:latentstyles deflockedstate=\"false\" defunhidewhenused=\"true\" defsemihidden=\"true\" defqformat=\"false\" defpriority=\"99\" latentstylecount=\"267\">   <w:lsdexception locked=\"false\" priority=\"0\" semihidden=\"false\" unhidewhenused=\"false\" qformat=\"true\" name=\"Normal\" />   <w:lsdexception locked=\"false\" priority=\"9\" semihidden=\"false\" unhidewhenused=\"false\" qformat=\"true\" name=\"heading 1\" />   <w:lsdexception locked=\"false\" priority=\"9\" qformat=\"true\" name=\"heading 2\" />   <w:lsdexception locked=\"false\" priority=\"9\" qformat=\"true\" name=\"heading 3\" />   <w:lsdexception locked=\"false\" priority=\"9\" qformat=\"true\" name=\"heading 4\" />   <w:lsdexception locked=\"false\" priority=\"9\" qformat=\"true\" name=\"heading 5\" />   <w:lsdexception locked=\"false\" priority=\"9\" qformat=\"true\" name=\"heading 6\" />   <w:lsdexception locked=\"false\" priority=\"9\" qformat=\"true\" name=\"heading 7\" />   <w:lsdexception locked=\"false\" priority=\"9\" qformat=\"true\" name=\"heading 8\" />   <w:lsdexception locked=\"false\" priority=\"9\" qformat=\"true\" name=\"heading 9\" />   <w:lsdexception locked=\"false\" priority=\"39\" name=\"toc 1\" />   <w:lsdexception locked=\"false\" priority=\"39\" name=\"toc 2\" />   <w:lsdexception locked=\"false\" priority=\"39\" name=\"toc 3\" />   <w:lsdexception locked=\"false\" priority=\"39\" name=\"toc 4\" />   <w:lsdexception locked=\"false\" priority=\"39\" name=\"toc 5\" />   <w:lsdexception locked=\"false\" priority=\"39\" name=\"toc 6\" />   <w:lsdexception locked=\"false\" priority=\"39\" name=\"toc 7\" />   <w:lsdexception locked=\"false\" priority=\"39\" name=\"toc 8\" />   <w:lsdexception locked=\"false\" priority=\"39\" name=\"toc 9\" />   <w:lsdexception locked=\"false\" priority=\"35\" qformat=\"true\" name=\"caption\" />   <w:lsdexception locked=\"false\" priority=\"10\" semihidden=\"false\" unhidewhenused=\"false\" qformat=\"true\" name=\"Title\" />   <w:lsdexception locked=\"false\" priority=\"1\" name=\"Default Paragraph Font\" />   <w:lsdexception locked=\"false\" priority=\"11\" semihidden=\"false\" unhidewhenused=\"false\" qformat=\"true\" name=\"Subtitle\" />   <w:lsdexception locked=\"false\" priority=\"22\" semihidden=\"false\" unhidewhenused=\"false\" qformat=\"true\" name=\"Strong\" />   <w:lsdexception locked=\"false\" priority=\"20\" semihidden=\"false\" unhidewhenused=\"false\" qformat=\"true\" name=\"Emphasis\" />   <w:lsdexception locked=\"false\" priority=\"59\" semihidden=\"false\" unhidewhenused=\"false\" name=\"Table Grid\" />   <w:lsdexception locked=\"false\" unhidewhenused=\"false\" name=\"Placeholder Text\" />   <w:lsdexception locked=\"false\" priority=\"1\" semihidden=\"false\" unhidewhenused=\"false\" qformat=\"true\" name=\"No Spacing\" />   <w:lsdexception locked=\"false\" priority=\"60\" semihidden=\"false\" unhidewhenused=\"false\" name=\"Light Shading\" />   <w:lsdexception locked=\"false\" priority=\"61\" semihidden=\"false\" unhidewhenused=\"false\" name=\"Light List\" />   <w:lsdexception locked=\"false\" priority=\"62\" semihidden=\"false\" unhidewhenused=\"false\" name=\"Light Grid\" />   <w:lsdexception locked=\"false\" priority=\"63\" semihidden=\"false\" unhidewhenused=\"false\" name=\"Medium Shading 1\" />   <w:lsdexception locked=\"false\" priority=\"64\" semihidden=\"false\" unhidewhenused=\"false\" name=\"Medium Shading 2\" />   <w:lsdexception locked=\"false\" priority=\"65\" semihidden=\"false\" unhidewhenused=\"false\" name=\"Medium List 1\" />   <w:lsdexception locked=\"false\" priority=\"66\" semihidden=\"false\" unhidewhenused=\"false\" name=\"Medium List 2\" />   <w:lsdexception locked=\"false\" priority=\"67\" semihidden=\"false\" unhidewhenused=\"false\" name=\"Medium Grid 1\" />   <w:lsdexception locked=\"false\" priority=\"68\" semihidden=\"false\" unhidewhenused=\"false\" name=\"Medium Grid 2\" />   <w:lsdexception locked=\"false\" priority=\"69\" semihidden=\"false\" unhidewhenused=\"false\" name=\"Medium Grid 3\" />   <w:lsdexception locked=\"false\" priority=\"70\" semihidden=\"false\" unhidewhenused=\"false\" name=\"Dark List\" />   <w:lsdexception locked=\"false\" priority=\"71\" semihidden=\"false\" unhidewhenused=\"false\" name=\"Colorful Shading\" />   <w:lsdexception locked=\"false\" priority=\"72\" semihidden=\"false\" unhidewhenused=\"false\" name=\"Colorful List\" />   <w:lsdexception locked=\"false\" priority=\"73\" semihidden=\"false\" unhidewhenused=\"false\" name=\"Colorful Grid\" />   <w:lsdexception locked=\"false\" priority=\"60\" semihidden=\"false\" unhidewhenused=\"false\" name=\"Light Shading Accent 1\" />   <w:lsdexception locked=\"false\" priority=\"61\" semihidden=\"false\" unhidewhenused=\"false\" name=\"Light List Accent 1\" />   <w:lsdexception locked=\"false\" priority=\"62\" semihidden=\"false\" unhidewhenused=\"false\" name=\"Light Grid Accent 1\" />   <w:lsdexception locked=\"false\" priority=\"63\" semihidden=\"false\" unhidewhenused=\"false\" name=\"Medium Shading 1 Accent 1\" />   <w:lsdexception locked=\"false\" priority=\"64\" semihidden=\"false\" unhidewhenused=\"false\" name=\"Medium Shading 2 Accent 1\" />   <w:lsdexception locked=\"false\" priority=\"65\" semihidden=\"false\" unhidewhenused=\"false\" name=\"Medium List 1 Accent 1\" />   <w:lsdexception locked=\"false\" unhidewhenused=\"false\" name=\"Revision\" />   <w:lsdexception locked=\"false\" priority=\"34\" semihidden=\"false\" unhidewhenused=\"false\" qformat=\"true\" name=\"List Paragraph\" />   <w:lsdexception locked=\"false\" priority=\"29\" semihidden=\"false\" unhidewhenused=\"false\" qformat=\"true\" name=\"Quote\" />   <w:lsdexception locked=\"false\" priority=\"30\" semihidden=\"false\" unhidewhenused=\"false\" qformat=\"true\" name=\"Intense Quote\" />   <w:lsdexception locked=\"false\" priority=\"66\" semihidden=\"false\" unhidewhenused=\"false\" name=\"Medium List 2 Accent 1\" />   <w:lsdexception locked=\"false\" priority=\"67\" semihidden=\"false\" unhidewhenused=\"false\" name=\"Medium Grid 1 Accent 1\" />   <w:lsdexception locked=\"false\" priority=\"68\" semihidden=\"false\" unhidewhenused=\"false\" name=\"Medium Grid 2 Accent 1\" />   <w:lsdexception locked=\"false\" priority=\"69\" semihidden=\"false\" unhidewhenused=\"false\" name=\"Medium Grid 3 Accent 1\" />   <w:lsdexception locked=\"false\" priority=\"70\" semihidden=\"false\" unhidewhenused=\"false\" name=\"Dark List Accent 1\" />   <w:lsdexception locked=\"false\" priority=\"71\" semihidden=\"false\" unhidewhenused=\"false\" name=\"Colorful Shading Accent 1\" />   <w:lsdexception locked=\"false\" priority=\"72\" semihidden=\"false\" unhidewhenused=\"false\" name=\"Colorful List Accent 1\" />   <w:lsdexception locked=\"false\" priority=\"73\" semihidden=\"false\" unhidewhenused=\"false\" name=\"Colorful Grid Accent 1\" />   <w:lsdexception locked=\"false\" priority=\"60\" semihidden=\"false\" unhidewhenused=\"false\" name=\"Light Shading Accent 2\" />   <w:lsdexception locked=\"false\" priority=\"61\" semihidden=\"false\" unhidewhenused=\"false\" name=\"Light List Accent 2\" />   <w:lsdexception locked=\"false\" priority=\"62\" semihidden=\"false\" unhidewhenused=\"false\" name=\"Light Grid Accent 2\" />   <w:lsdexception locked=\"false\" priority=\"63\" semihidden=\"false\" unhidewhenused=\"false\" name=\"Medium Shading 1 Accent 2\" />   <w:lsdexception locked=\"false\" priority=\"64\" semihidden=\"false\" unhidewhenused=\"false\" name=\"Medium Shading 2 Accent 2\" />   <w:lsdexception locked=\"false\" priority=\"65\" semihidden=\"false\" unhidewhenused=\"false\" name=\"Medium List 1 Accent 2\" />   <w:lsdexception locked=\"false\" priority=\"66\" semihidden=\"false\" unhidewhenused=\"false\" name=\"Medium List 2 Accent 2\" />   <w:lsdexception locked=\"false\" priority=\"67\" semihidden=\"false\" unhidewhenused=\"false\" name=\"Medium Grid 1 Accent 2\" />   <w:lsdexception locked=\"false\" priority=\"68\" semihidden=\"false\" unhidewhenused=\"false\" name=\"Medium Grid 2 Accent 2\" />   <w:lsdexception locked=\"false\" priority=\"69\" semihidden=\"false\" unhidewhenused=\"false\" name=\"Medium Grid 3 Accent 2\" />   <w:lsdexception locked=\"false\" priority=\"70\" semihidden=\"false\" unhidewhenused=\"false\" name=\"Dark List Accent 2\" />   <w:lsdexception locked=\"false\" priority=\"71\" semihidden=\"false\" unhidewhenused=\"false\" name=\"Colorful Shading Accent 2\" />   <w:lsdexception locked=\"false\" priority=\"72\" semihidden=\"false\" unhidewhenused=\"false\" name=\"Colorful List Accent 2\" />   <w:lsdexception locked=\"false\" priority=\"73\" semihidden=\"false\" unhidewhenused=\"false\" name=\"Colorful Grid Accent 2\" />   <w:lsdexception locked=\"false\" priority=\"60\" semihidden=\"false\" unhidewhenused=\"false\" name=\"Light Shading Accent 3\" />   <w:lsdexception locked=\"false\" priority=\"61\" semihidden=\"false\" unhidewhenused=\"false\" name=\"Light List Accent 3\" />   <w:lsdexception locked=\"false\" priority=\"62\" semihidden=\"false\" unhidewhenused=\"false\" name=\"Light Grid Accent 3\" />   <w:lsdexception locked=\"false\" priority=\"63\" semihidden=\"false\" unhidewhenused=\"false\" name=\"Medium Shading 1 Accent 3\" />   <w:lsdexception locked=\"false\" priority=\"64\" semihidden=\"false\" unhidewhenused=\"false\" name=\"Medium Shading 2 Accent 3\" />   <w:lsdexception locked=\"false\" priority=\"65\" semihidden=\"false\" unhidewhenused=\"false\" name=\"Medium List 1 Accent 3\" />   <w:lsdexception locked=\"false\" priority=\"66\" semihidden=\"false\" unhidewhenused=\"false\" name=\"Medium List 2 Accent 3\" />   <w:lsdexception locked=\"false\" priority=\"67\" semihidden=\"false\" unhidewhenused=\"false\" name=\"Medium Grid 1 Accent 3\" />   <w:lsdexception locked=\"false\" priority=\"68\" semihidden=\"false\" unhidewhenused=\"false\" name=\"Medium Grid 2 Accent 3\" />   <w:lsdexception locked=\"false\" priority=\"69\" semihidden=\"false\" unhidewhenused=\"false\" name=\"Medium Grid 3 Accent 3\" />   <w:lsdexception locked=\"false\" priority=\"70\" semihidden=\"false\" unhidewhenused=\"false\" name=\"Dark List Accent 3\" />   <w:lsdexception locked=\"false\" priority=\"71\" semihidden=\"false\" unhidewhenused=\"false\" name=\"Colorful Shading Accent 3\" />   <w:lsdexception locked=\"false\" priority=\"72\" semihidden=\"false\" unhidewhenused=\"false\" name=\"Colorful List Accent 3\" />   <w:lsdexception locked=\"false\" priority=\"73\" semihidden=\"false\" unhidewhenused=\"false\" name=\"Colorful Grid Accent 3\" />   <w:lsdexception locked=\"false\" priority=\"60\" semihidden=\"false\" unhidewhenused=\"false\" name=\"Light Shading Accent 4\" />   <w:lsdexception locked=\"false\" priority=\"61\" semihidden=\"false\" unhidewhenused=\"false\" name=\"Light List Accent 4\" />   <w:lsdexception locked=\"false\" priority=\"62\" semihidden=\"false\" unhidewhenused=\"false\" name=\"Light Grid Accent 4\" />   <w:lsdexception locked=\"false\" priority=\"63\" semihidden=\"false\" unhidewhenused=\"false\" name=\"Medium Shading 1 Accent 4\" />   <w:lsdexception locked=\"false\" priority=\"64\" semihidden=\"false\" unhidewhenused=\"false\" name=\"Medium Shading 2 Accent 4\" />   <w:lsdexception locked=\"false\" priority=\"65\" semihidden=\"false\" unhidewhenused=\"false\" name=\"Medium List 1 Accent 4\" />   <w:lsdexception locked=\"false\" priority=\"66\" semihidden=\"false\" unhidewhenused=\"false\" name=\"Medium List 2 Accent 4\" />   <w:lsdexception locked=\"false\" priority=\"67\" semihidden=\"false\" unhidewhenused=\"false\" name=\"Medium Grid 1 Accent 4\" />   <w:lsdexception locked=\"false\" priority=\"68\" semihidden=\"false\" unhidewhenused=\"false\" name=\"Medium Grid 2 Accent 4\" />   <w:lsdexception locked=\"false\" priority=\"69\" semihidden=\"false\" unhidewhenused=\"false\" name=\"Medium Grid 3 Accent 4\" />   <w:lsdexception locked=\"false\" priority=\"70\" semihidden=\"false\" unhidewhenused=\"false\" name=\"Dark List Accent 4\" />   <w:lsdexception locked=\"false\" priority=\"71\" semihidden=\"false\" unhidewhenused=\"false\" name=\"Colorful Shading Accent 4\" />   <w:lsdexception locked=\"false\" priority=\"72\" semihidden=\"false\" unhidewhenused=\"false\" name=\"Colorful List Accent 4\" />   <w:lsdexception locked=\"false\" priority=\"73\" semihidden=\"false\" unhidewhenused=\"false\" name=\"Colorful Grid Accent 4\" />   <w:lsdexception locked=\"false\" priority=\"60\" semihidden=\"false\" unhidewhenused=\"false\" name=\"Light Shading Accent 5\" />   <w:lsdexception locked=\"false\" priority=\"61\" semihidden=\"false\" unhidewhenused=\"false\" name=\"Light List Accent 5\" />   <w:lsdexception locked=\"false\" priority=\"62\" semihidden=\"false\" unhidewhenused=\"false\" name=\"Light Grid Accent 5\" />   <w:lsdexception locked=\"false\" priority=\"63\" semihidden=\"false\" unhidewhenused=\"false\" name=\"Medium Shading 1 Accent 5\" />   <w:lsdexception locked=\"false\" priority=\"64\" semihidden=\"false\" unhidewhenused=\"false\" name=\"Medium Shading 2 Accent 5\" />   <w:lsdexception locked=\"false\" priority=\"65\" semihidden=\"false\" unhidewhenused=\"false\" name=\"Medium List 1 Accent 5\" />   <w:lsdexception locked=\"false\" priority=\"66\" semihidden=\"false\" unhidewhenused=\"false\" name=\"Medium List 2 Accent 5\" />   <w:lsdexception locked=\"false\" priority=\"67\" semihidden=\"false\" unhidewhenused=\"false\" name=\"Medium Grid 1 Accent 5\" />   <w:lsdexception locked=\"false\" priority=\"68\" semihidden=\"false\" unhidewhenused=\"false\" name=\"Medium Grid 2 Accent 5\" />   <w:lsdexception locked=\"false\" priority=\"69\" semihidden=\"false\" unhidewhenused=\"false\" name=\"Medium Grid 3 Accent 5\" />   <w:lsdexception locked=\"false\" priority=\"70\" semihidden=\"false\" unhidewhenused=\"false\" name=\"Dark List Accent 5\" />   <w:lsdexception locked=\"false\" priority=\"71\" semihidden=\"false\" unhidewhenused=\"false\" name=\"Colorful Shading Accent 5\" />   <w:lsdexception locked=\"false\" priority=\"72\" semihidden=\"false\" unhidewhenused=\"false\" name=\"Colorful List Accent 5\" />   <w:lsdexception locked=\"false\" priority=\"73\" semihidden=\"false\" unhidewhenused=\"false\" name=\"Colorful Grid Accent 5\" />   <w:lsdexception locked=\"false\" priority=\"60\" semihidden=\"false\" unhidewhenused=\"false\" name=\"Light Shading Accent 6\" />   <w:lsdexception locked=\"false\" priority=\"61\" semihidden=\"false\" unhidewhenused=\"false\" name=\"Light List Accent 6\" />   <w:lsdexception locked=\"false\" priority=\"62\" semihidden=\"false\" unhidewhenused=\"false\" name=\"Light Grid Accent 6\" />   <w:lsdexception locked=\"false\" priority=\"63\" semihidden=\"false\" unhidewhenused=\"false\" name=\"Medium Shading 1 Accent 6\" />   <w:lsdexception locked=\"false\" priority=\"64\" semihidden=\"false\" unhidewhenused=\"false\" name=\"Medium Shading 2 Accent 6\" />   <w:lsdexception locked=\"false\" priority=\"65\" semihidden=\"false\" unhidewhenused=\"false\" name=\"Medium List 1 Accent 6\" />   <w:lsdexception locked=\"false\" priority=\"66\" semihidden=\"false\" unhidewhenused=\"false\" name=\"Medium List 2 Accent 6\" />   <w:lsdexception locked=\"false\" priority=\"67\" semihidden=\"false\" unhidewhenused=\"false\" name=\"Medium Grid 1 Accent 6\" />   <w:lsdexception locked=\"false\" priority=\"68\" semihidden=\"false\" unhidewhenused=\"false\" name=\"Medium Grid 2 Accent 6\" />   <w:lsdexception locked=\"false\" priority=\"69\" semihidden=\"false\" unhidewhenused=\"false\" name=\"Medium Grid 3 Accent 6\" />   <w:lsdexception locked=\"false\" priority=\"70\" semihidden=\"false\" unhidewhenused=\"false\" name=\"Dark List Accent 6\" />   <w:lsdexception locked=\"false\" priority=\"71\" semihidden=\"false\" unhidewhenused=\"false\" name=\"Colorful Shading Accent 6\" />   <w:lsdexception locked=\"false\" priority=\"72\" semihidden=\"false\" unhidewhenused=\"false\" name=\"Colorful List Accent 6\" />   <w:lsdexception locked=\"false\" priority=\"73\" semihidden=\"false\" unhidewhenused=\"false\" name=\"Colorful Grid Accent 6\" />   <w:lsdexception locked=\"false\" priority=\"19\" semihidden=\"false\" unhidewhenused=\"false\" qformat=\"true\" name=\"Subtle Emphasis\" />   <w:lsdexception locked=\"false\" priority=\"21\" semihidden=\"false\" unhidewhenused=\"false\" qformat=\"true\" name=\"Intense Emphasis\" />   <w:lsdexception locked=\"false\" priority=\"31\" semihidden=\"false\" unhidewhenused=\"false\" qformat=\"true\" name=\"Subtle Reference\" />   <w:lsdexception locked=\"false\" priority=\"32\" semihidden=\"false\" unhidewhenused=\"false\" qformat=\"true\" name=\"Intense Reference\" />   <w:lsdexception locked=\"false\" priority=\"33\" semihidden=\"false\" unhidewhenused=\"false\" qformat=\"true\" name=\"Book Title\" />   <w:lsdexception locked=\"false\" priority=\"37\" name=\"Bibliography\" />   <w:lsdexception locked=\"false\" priority=\"39\" qformat=\"true\" name=\"TOC Heading\" />  </w:latentstyles> </xml><![endif]-->\r\n\r\n<!--[if gte mso 10]>\r\n<style>\r\n /* Style Definitions */\r\n table.MsoNormalTable\r\n	{mso-style-name:普通表格;\r\n	mso-tstyle-rowband-size:0;\r\n	mso-tstyle-colband-size:0;\r\n	mso-style-noshow:yes;\r\n	mso-style-priority:99;\r\n	mso-style-qformat:yes;\r\n	mso-style-parent:\"\";\r\n	mso-padding-alt:0cm 5.4pt 0cm 5.4pt;\r\n	mso-para-margin:0cm;\r\n	mso-para-margin-bottom:.0001pt;\r\n	mso-pagination:widow-orphan;\r\n	font-size:10.5pt;\r\n	mso-bidi-font-size:11.0pt;\r\n	font-family:\"Calibri\",\"sans-serif\";\r\n	mso-ascii-font-family:Calibri;\r\n	mso-ascii-theme-font:minor-latin;\r\n	mso-hansi-font-family:Calibri;\r\n	mso-hansi-theme-font:minor-latin;\r\n	mso-bidi-font-family:\"Times New Roman\";\r\n	mso-bidi-theme-font:minor-bidi;\r\n	mso-font-kerning:1.0pt;}\r\n</style>\r\n<![endif]--><p class=\"MsoNormal\"><span style=\"font-family:宋体;mso-ascii-font-family:Calibri;mso-ascii-theme-font:minor-latin;mso-fareast-font-family:宋体;mso-fareast-theme-font:minor-fareast;mso-hansi-font-family:Calibri;mso-hansi-theme-font:minor-latin;\">我们非常重视您的隐私，保护用户隐私是wegou的重点原则，在您使用wegou提供的服务前，请您仔细阅读以下隐私保护原则。</span></p>\r\n&nbsp;<span lang=\"EN-US\"><br />\r\n</span><p class=\"MsoNormal\"><span style=\"font-family:宋体;mso-ascii-font-family:Calibri;mso-ascii-theme-font:minor-latin;mso-fareast-font-family:宋体;mso-fareast-theme-font:minor-fareast;mso-hansi-font-family:Calibri;mso-hansi-theme-font:minor-latin;\">一、用户信息</span></p>\r\n<p class=\"MsoNormal\"><span lang=\"EN-US\">&nbsp;</span></p>\r\n<p class=\"MsoNormal\"><span style=\"font-family:宋体;mso-ascii-font-family:Calibri;mso-ascii-theme-font:minor-latin;mso-fareast-font-family:宋体;mso-fareast-theme-font:minor-fareast;mso-hansi-font-family:Calibri;mso-hansi-theme-font:minor-latin;\">wegou将对您所提供的资料进行严格的管理及保护，wegou通过技术手段、提供隐私保护服务功能、强化内部管理等办法充分保护用户的个人资料安全。wegou为用户提供对个人注册信息的绝对的控制权，用户可以通过“修改个人信息”查看或修改个人信息。用户自愿注册个人信息，用户在注册时提供的所有信息，都是基于自愿，用户有权在任何时候拒绝提供这些信息。wegou保证不对外公开或向第三方提供用户注册的个人资料，及用户在使用服务时存储的非公开内容，但下列情况除外：</span></p>\r\n<p class=\"MsoNormal\"><span style=\"font-family:宋体;mso-ascii-font-family:Calibri;mso-ascii-theme-font:minor-latin;mso-fareast-font-family:宋体;mso-fareast-theme-font:minor-fareast;mso-hansi-font-family:Calibri;mso-hansi-theme-font:minor-latin;\">◇</span> <span style=\"font-family:宋体;mso-ascii-font-family:Calibri;mso-ascii-theme-font:minor-latin;mso-fareast-font-family:宋体;mso-fareast-theme-font:minor-fareast;mso-hansi-font-family:Calibri;mso-hansi-theme-font:minor-latin;\">事先获得您的明确授权；</span></p>\r\n<p class=\"MsoNormal\"><span style=\"font-family:宋体;mso-ascii-font-family:Calibri;mso-ascii-theme-font:minor-latin;mso-fareast-font-family:宋体;mso-fareast-theme-font:minor-fareast;mso-hansi-font-family:Calibri;mso-hansi-theme-font:minor-latin;\">◇</span> <span style=\"font-family:宋体;mso-ascii-font-family:Calibri;mso-ascii-theme-font:minor-latin;mso-fareast-font-family:宋体;mso-fareast-theme-font:minor-fareast;mso-hansi-font-family:Calibri;mso-hansi-theme-font:minor-latin;\">根据有关的法律法规要求；</span></p>\r\n<p class=\"MsoNormal\"><span style=\"font-family:宋体;mso-ascii-font-family:Calibri;mso-ascii-theme-font:minor-latin;mso-fareast-font-family:宋体;mso-fareast-theme-font:minor-fareast;mso-hansi-font-family:Calibri;mso-hansi-theme-font:minor-latin;\">◇</span> <span style=\"font-family:宋体;mso-ascii-font-family:Calibri;mso-ascii-theme-font:minor-latin;mso-fareast-font-family:宋体;mso-fareast-theme-font:minor-fareast;mso-hansi-font-family:Calibri;mso-hansi-theme-font:minor-latin;\">按照相关司法机构或政府主管部门的要求；</span></p>\r\n<p class=\"MsoNormal\"><span style=\"font-family:宋体;mso-ascii-font-family:Calibri;mso-ascii-theme-font:minor-latin;mso-fareast-font-family:宋体;mso-fareast-theme-font:minor-fareast;mso-hansi-font-family:Calibri;mso-hansi-theme-font:minor-latin;\">◇</span> <span style=\"font-family:宋体;mso-ascii-font-family:Calibri;mso-ascii-theme-font:minor-latin;mso-fareast-font-family:宋体;mso-fareast-theme-font:minor-fareast;mso-hansi-font-family:Calibri;mso-hansi-theme-font:minor-latin;\">只有透露你的个人资料，才能提供你所要求的产品和服务；</span></p>\r\n<p class=\"MsoNormal\"><span style=\"font-family:宋体;mso-ascii-font-family:Calibri;mso-ascii-theme-font:minor-latin;mso-fareast-font-family:宋体;mso-fareast-theme-font:minor-fareast;mso-hansi-font-family:Calibri;mso-hansi-theme-font:minor-latin;\">◇</span> <span style=\"font-family:宋体;mso-ascii-font-family:Calibri;mso-ascii-theme-font:minor-latin;mso-fareast-font-family:宋体;mso-fareast-theme-font:minor-fareast;mso-hansi-font-family:Calibri;mso-hansi-theme-font:minor-latin;\">因黑客行为或用户的保管疏忽导致帐号、密码遭他人非法使用；</span></p>\r\n<p class=\"MsoNormal\"><span style=\"font-family:宋体;mso-ascii-font-family:Calibri;mso-ascii-theme-font:minor-latin;mso-fareast-font-family:宋体;mso-fareast-theme-font:minor-fareast;mso-hansi-font-family:Calibri;mso-hansi-theme-font:minor-latin;\">◇</span> <span style=\"font-family:宋体;mso-ascii-font-family:Calibri;mso-ascii-theme-font:minor-latin;mso-fareast-font-family:宋体;mso-fareast-theme-font:minor-fareast;mso-hansi-font-family:Calibri;mso-hansi-theme-font:minor-latin;\">由于您将用户密码告知他人或与他人共享注册帐户，由此导致的任何个人资料泄露。</span></p>\r\n<p class=\"MsoNormal\"><span style=\"font-family:宋体;mso-ascii-font-family:Calibri;mso-ascii-theme-font:minor-latin;mso-fareast-font-family:宋体;mso-fareast-theme-font:minor-fareast;mso-hansi-font-family:Calibri;mso-hansi-theme-font:minor-latin;\"><br />\r\n</span></p>\r\n<p class=\"MsoNormal\"><span style=\"font-family:宋体;mso-ascii-font-family:Calibri;mso-ascii-theme-font:minor-latin;mso-fareast-font-family:宋体;mso-fareast-theme-font:minor-fareast;mso-hansi-font-family:Calibri;mso-hansi-theme-font:minor-latin;\">二、</span><span lang=\"EN-US\">Cookies</span><span style=\"font-family:宋体;mso-ascii-font-family:calibri;mso-ascii-theme-font:minor-latin;mso-fareast-font-family:宋体;mso-fareast-theme-font:minor-fareast;mso-hansi-font-family:Calibri;mso-hansi-theme-font:minor-latin;\">和其他浏览器技术</span></p>\r\n<p class=\"MsoNormal\"><span lang=\"EN-US\">&nbsp;</span></p>\r\n<p class=\"MsoNormal\"><span style=\"font-family:宋体;mso-ascii-font-family:Calibri;mso-ascii-theme-font:minor-latin;mso-fareast-font-family:宋体;mso-fareast-theme-font:minor-fareast;mso-hansi-font-family:Calibri;mso-hansi-theme-font:minor-latin;\">当用户访问wegou的时候，我们可能会保存会员的用户登录状态并且为用户分配一个或多个“</span><span lang=\"EN-US\">Cookies</span><span style=\"font-family:宋体;mso-ascii-font-family:calibri;mso-ascii-theme-font:minor-latin;mso-fareast-font-family:宋体;mso-fareast-theme-font:minor-fareast;mso-hansi-font-family:Calibri;mso-hansi-theme-font:minor-latin;\">”（一个很小的文本文件），例如：当会员访问一个需要会员登录才可以提供的信息或服务，当会员登录时，我们会把该会员的登录名和密码加密存储在该会员计算机的</span><span lang=\"EN-US\">Cookie</span><span style=\"font-family:宋体;mso-ascii-font-family:Calibri;mso-ascii-theme-font:minor-latin;mso-fareast-font-family:宋体;mso-fareast-theme-font:minor-fareast;mso-hansi-font-family:Calibri;mso-hansi-theme-font:minor-latin;\">文件中，由于是不可逆转的加密存储，其他人即使可以使用该会员的计算机，也无法识别出会员的用户名和密码。会员并不需要额外做任何工作，所有的收集和保存都由系统自动完成。</span></p>\r\n<p class=\"MsoNormal\"><span lang=\"EN-US\">&nbsp;</span></p>\r\n<p class=\"MsoNormal\"><span lang=\"EN-US\">Cookie</span><span style=\"font-family:宋体;mso-ascii-font-family:Calibri;mso-ascii-theme-font:minor-latin;mso-fareast-font-family:宋体;mso-fareast-theme-font:minor-fareast;mso-hansi-font-family:Calibri;mso-hansi-theme-font:minor-latin;\">文件将永久的保存在您的计算机硬盘上，除非您使用浏览器或操作系统软件手工将其删除。您也可以选择“不使用</span><span lang=\"EN-US\">Cookie</span><span style=\"font-family:宋体;mso-ascii-font-family:Calibri;mso-ascii-theme-font:minor-latin;mso-fareast-font-family:宋体;mso-fareast-theme-font:minor-fareast;mso-hansi-font-family:Calibri;mso-hansi-theme-font:minor-latin;\">”或“在使用</span><span lang=\"EN-US\">Cookie</span><span style=\"font-family:宋体;mso-ascii-font-family:Calibri;mso-ascii-theme-font:minor-latin;mso-fareast-font-family:宋体;mso-fareast-theme-font:minor-fareast;mso-hansi-font-family:Calibri;mso-hansi-theme-font:minor-latin;\">时事先通知我”的选项禁止</span><span lang=\"EN-US\">Cookie</span><span style=\"font-family:宋体;mso-ascii-font-family:Calibri;mso-ascii-theme-font:minor-latin;mso-fareast-font-family:宋体;mso-fareast-theme-font:minor-fareast;mso-hansi-font-family:Calibri;mso-hansi-theme-font:minor-latin;\">的产生，但是您将为此无法使用一些wegou的查询和服务。</span></p>\r\n<p class=\"MsoNormal\"><span style=\"font-family:宋体;mso-ascii-font-family:Calibri;mso-ascii-theme-font:minor-latin;mso-fareast-font-family:宋体;mso-fareast-theme-font:minor-fareast;mso-hansi-font-family:Calibri;mso-hansi-theme-font:minor-latin;\"><br />\r\n</span></p>\r\n<p class=\"MsoNormal\"><span style=\"font-family:宋体;mso-ascii-font-family:Calibri;mso-ascii-theme-font:minor-latin;mso-fareast-font-family:宋体;mso-fareast-theme-font:minor-fareast;mso-hansi-font-family:Calibri;mso-hansi-theme-font:minor-latin;\">三、合作伙伴</span></p>\r\n<p class=\"MsoNormal\"><span lang=\"EN-US\">&nbsp;</span></p>\r\n<p class=\"MsoNormal\"><span style=\"font-family:宋体;mso-ascii-font-family:Calibri;mso-ascii-theme-font:minor-latin;mso-fareast-font-family:宋体;mso-fareast-theme-font:minor-fareast;mso-hansi-font-family:Calibri;mso-hansi-theme-font:minor-latin;\">我们选择有信誉的第三方公司或网站作为我们的合作伙伴为用户提供信息和服务。尽管我们只选择有信誉的公司或网站作为我们的合作伙伴，但是每个合作伙伴都会有与wegou不同的隐私保护政策，一旦您通过点击进入了合作伙伴的网站，wegou隐私保护原则将不再生效，我们建议您查看该合作伙伴网站的隐私条款，并了解该合作伙伴对于收集、使用、泄露您的个人信息的规定。</span></p>\r\n<p class=\"MsoNormal\"><span lang=\"EN-US\">&nbsp;</span></p>\r\n<p class=\"MsoNormal\"><span style=\"font-family:宋体;mso-ascii-font-family:Calibri;mso-ascii-theme-font:minor-latin;mso-fareast-font-family:宋体;mso-fareast-theme-font:minor-fareast;mso-hansi-font-family:Calibri;mso-hansi-theme-font:minor-latin;\">本隐私保护原则自</span><span lang=\"EN-US\">2012-09-13</span><span style=\"font-family:宋体;mso-ascii-font-family:calibri;mso-ascii-theme-font:minor-latin;mso-fareast-font-family:宋体;mso-fareast-theme-font:minor-fareast;mso-hansi-font-family:Calibri;mso-hansi-theme-font:minor-latin;\">起生效。隐私保护原则的修改权、更新权均属wegou。</span></p>\r\n<p class=\"MsoNormal\"><span style=\"font-family:宋体;mso-ascii-font-family:Calibri;mso-ascii-theme-font:minor-latin;mso-fareast-font-family:宋体;mso-fareast-theme-font:minor-fareast;mso-hansi-font-family:Calibri;mso-hansi-theme-font:minor-latin;\">如果您对此隐私保护原则有任何疑问或建议，请通过以下方式联系我们</span><span lang=\"EN-US\">: kefu@http:</span><span style=\"font-family:宋体;mso-ascii-font-family:calibri;mso-ascii-theme-font:minor-latin;mso-fareast-font-family:宋体;mso-fareast-theme-font:minor-fareast;mso-hansi-font-family:Calibri;mso-hansi-theme-font:minor-latin;\">，我们会尽一切努力保护您的隐私。</span></p>\r\n</div>',1426936903,0,0,0,1,'','','',4),(7,21,'注册协议','','4f640f80f14d9.jpg',' ','','注册协议',1426946903,0,1,0,1,'','','',0),(8,17,'帮助','','4f640fe112c89.jpg','','','帮助中心内容',1426946903,0,1,1,1,'','','',0),(2,13,'关于公司名称','','','','','欢迎公司名称',1426946903,0,1,1,1,'','','',2),(10,13,'知名品牌化妆品免费试用','','','?a=index&m=cate&cid=5','知名品牌化妆品免费试用','',1426946903,3,1,1,1,'','','',0),(11,9,'七夕到 鹊桥会 好礼送','','502e0eec7af0a.jpg','?a=index&m=cate&cid=4','七夕好礼，千万配饰商品等你来拿！\r\n','',1426946903,2,1,1,1,'','','',0),(12,10,'不错的内容哦','','','','不错的内容哦','不错的内容哦不错的内容哦不错的内容哦不错的内容哦不错的内容哦111111111111111<br />',1426946903,1,1,0,1,'','','',0),(13,1,'赚取积分','','','','赚取积分','<p><b><span style=\"color:#666666;\">1 什么是积分？</span></b></p>\r\n<p><span style=\"color:#999999;font-size:12px;\">&nbsp;&nbsp; 积分是就是根据您在我们网站上的活跃情况，给与您的奖励，是一笔虚拟财富！</span></p>\r\n<p>&nbsp;</p>\r\n<p><b><span style=\"color:#666666;\">2 积分的用处？</span></b></p>\r\n<p><span style=\"color:#999999;font-size:12px;\">&nbsp;&nbsp; 积分可以用于兑换我们提供的精美礼品！</span></p>\r\n<p><span style=\"color:#999999;font-size:12px;\"><br />\r\n</span></p>\r\n<p></p>\r\n<p><b><span style=\"color:#666666;\">3 赚取积分的方法</span></b>？</p>\r\n<p><span style=\"color:#999999;font-size:12px;\">&nbsp;&nbsp; 赚取积分，可以按以下要点操作：</span></p>\r\n<span style=\"color:#999999;font-size:12px;\">&nbsp;&nbsp; 1、每天登录网站，积分加+21</span><span style=\"color:#999999;font-size:12px;\">；</span><br />\r\n<span style=\"color:#999999;font-size:12px;\">&nbsp;&nbsp; 2、每分享一个商品，积分+21；</span><br />\r\n<span style=\"color:#999999;font-size:12px;\">&nbsp;&nbsp; 3、新用户注册，赠送51积分；</span><br />\r\n<p><span style=\"color:#999999;font-size:12px;\">&nbsp;&nbsp; 4、网站活动获奖奖励积分</span></p>',1426941903,0,0,0,1,'','','',5),(14,1,'如何返利','','','/index.php?a=index&m=article&id=17','如何返利','如何返利<br />',1426946903,0,0,0,1,'','','',0),(17,5,' 返利常见问题','','','','','<b><span style=\"color:#666666;\">1 什么是返利？</span></b><br />\r\n<span style=\"font-size:12px;color:#999999;\">&nbsp;&nbsp;\r\n您通过本站去商家店铺购买商品，商家会通过购物网支付给本站一定的推广佣金，本站会将这笔佣金的大部分返还给您。</span><br />\r\n<span style=\"font-size:12px;color:#999999;\">&nbsp;&nbsp;\r\n假设您在淘宝网看中一个100元的宝贝，通过本站查询该宝贝现金返利金额为10元，通过查询结果中的购买进入淘宝网购物，在确认收货后，我们就会给予您10元的现金返利，您申请提现后我们会将这 笔钱提现到您指定的支付宝账户内。</span><br />\r\n<span style=\"font-size:12px;color:#999999;\"> </span><p><span style=\"font-size:12px;color:#999999;\">&nbsp; 所以，通过本站去购物可以让您获得更多实惠。</span></p>\r\n<p>&nbsp;</p>\r\n<p><b><span style=\"color:#666666;\">2 返利的钱从哪里来的？是我多付了钱吗？</span></b> </p>\r\n<p>&nbsp;&nbsp; <span style=\"color:#999999;font-size:12px;\">您好，您并未多付钱，购物网商家为了加大商品的销售渠道，建立了一种付费推广机制，在收入中专门预留了一部分给合作推广渠道。而本站就是购物网推广渠道高级合作伙伴之一，本站会将通过推广 获得的佣金大部分返还给您，您可以将这部分钱直接转账到您的支付宝帐户里，让您购物更加省钱！</span></p>\r\n<p>&nbsp;</p>\r\n<p><b><span style=\"color:#666666;\">3 店家会不会是提高了宝贝价格所以才给返利的钱？</span></b></p>\r\n&nbsp;&nbsp; <span style=\"font-size:12px;color:#999999;\">当然不是！合理的推广费用是一个网店必要的成本开支，这笔费用与商品的售价无关，因此您完全不必担心是因为宝贝价格高，多付了钱财获得了返利。</span><br />\r\n<span style=\"font-size:12px;\"> </span><span style=\"font-size:12px;color:#999999;\"> </span><p><span style=\"font-size:12px;color:#999999;\">&nbsp;&nbsp; 举例，您去一个淘宝店铺买一个价值100元的宝贝，无论是否通过本站，您购买该宝贝都需要支付100元，但是通过本站过去购买，您就能额外获得一定比例的返利，这样不是更省钱吗？</span></p>\r\n<p>&nbsp;</p>\r\n<p><b><span style=\"color:#666666;\">4 一定要通过本站去购物才能获得返利吗？</span></b></p>\r\n&nbsp;&nbsp;<span style=\"font-size:12px;color:#999999;\">不一定哦！在本站不购物一样可以赚到返利哦！</span><br />\r\n<span style=\"font-size:12px;color:#999999;\">&nbsp;&nbsp;\r\n推荐好友注册可获得推广奖励（永久）；可登录本站后在会员中心查看具体详情和推广链接。</span><br />\r\n<p>&nbsp;</p>\r\n<p><b><span style=\"color:#666666;\">5 购物多久我才能得到现金返利？</span></b></p>\r\n&nbsp;&nbsp;<span style=\"color:#999999;font-size:12px;\">您好，您通过本站去购物网购物后，在购物网确认收货后的24小时内，我们会将返利加到您的本站会员帐户里。</span><br />\r\n<p>&nbsp;</p>\r\n<p><b><span style=\"color:#666666;\">6 现金返利有什么用？我可以直接拿来购物吗？</span></b></p>\r\n&nbsp;&nbsp;<span style=\"font-size:12px;color:#999999;\">您好，因为本站是个返利导航站，不出售任何商品，所以现金返利不能直接用来购物。</span><br />\r\n<span style=\"font-size:12px;color:#999999;\">&nbsp;&nbsp;\r\n当您的现金返利到账后，您可以在“会员中心-我的返利”处申请提现到您的支付宝。</span><br />\r\n<p>&nbsp;</p>\r\n<p><b><span style=\"color:#666666;\">7 通过本站去购物还能享受店铺本来的优惠吗？</span></b></p>\r\n&nbsp;&nbsp;<span style=\"font-size:12px;color:#999999;\">您好，完全可以！通过本站去购物网购物，丝毫不会影响到您在购物网的权益。</span><br />\r\n<p>&nbsp;</p>\r\n<p><b><span style=\"color:#666666;\">8 我退换货了，返利怎么计算？</span></b></p>\r\n&nbsp;&nbsp;<span style=\"font-size:12px;color:#999999;\">您好，退货商品无返利，如一单中有部分退货，则符合返利规则的未退货部分有返利；</span><br />\r\n<span style=\"font-size:12px;color:#999999;\">&nbsp;&nbsp;\r\n换货的话，符合返利规则，换一样的商品有返利，换其他商品无返利。如有问题可联系本站在线客服。</span><br />\r\n<p>&nbsp;</p>\r\n<p><b><span style=\"color:#666666;\">9 如何挑选宝贝才能获得返利啊？有特别的要求吗？</span></b></p>\r\n&nbsp;&nbsp;<span style=\"color:#999999;font-size:12px;\">您好，挑选宝贝没有任何特别的要求，可通过以下几种方式挑选宝贝：</span><br />\r\n<span style=\"color:#999999;font-size:12px;\">&nbsp;&nbsp;\r\n1，通过本站页面顶部的搜索框，搜索您需要的宝贝或店铺挑选宝贝；</span><br />\r\n<span style=\"color:#999999;font-size:12px;\">&nbsp;&nbsp;\r\n2，您也可以先在淘宝网、淘宝商城挑选好您需要的宝贝或店铺名称，然后复制宝贝名称，再通过本站顶部搜索框搜索。</span><br />\r\n<p>&nbsp;</p>\r\n<p><b><span style=\"color:#666666;\">10 如何查询我挑选的宝贝的返利啊？</span></b></p>\r\n&nbsp;&nbsp;&nbsp;<span style=\"color:#999999;font-size:12px;\">本站为会员提供宝贝返利查询通道，在搜索框中输入您要查询的宝贝名称，点击“搜索返利”即可。</span><br />\r\n<p>&nbsp;</p>\r\n<p><b><span style=\"color:#666666;\">11 如何购物才能获得返利？</span></b></p>\r\n&nbsp;&nbsp;&nbsp;<span style=\"font-size:12px;color:#999999;\">您好，要获得返利，可在“返利”页面的搜索返利框，输入您要购买的宝贝名称，通过查询结果里的“购物按钮”去宝贝页面购买，才能获得返利。</span><br />\r\n<span style=\"font-size:12px;color:#999999;\">&nbsp;&nbsp;&nbsp;\r\n亦可通过店铺页面，选择您要购物的店铺直接去店铺购物，只要不跳转到其他店铺或使用页面上方的搜索框，也可获得返利。</span><br />\r\n<p>&nbsp;</p>\r\n<p><b><span style=\"color:#666666;\">12 返利从何而来？</span></b></p>\r\n&nbsp;&nbsp;&nbsp;<span style=\"color:#999999;font-size:12px;\">各大购物网为了推广商品和店铺，推出了（网站联盟）计划。本站参加了网站联盟计划，因此本站通过引导用户购物，就可以从购物网获得一定比例的佣金。本站将所获得的绝大部分佣金都返利给会 员，这就是返利的来源。</span><br />\r\n<span style=\"color:#999999;font-size:12px;\">&nbsp;&nbsp;&nbsp;\r\n您可以先前往淘宝网挑选好商品，然后通过本站的返利通道，查询返利并购买。同样的商品、同样的价格，不一样的是额外的返利，更加的省钱。</span><br />\r\n<p>&nbsp;</p>\r\n<p><b><span style=\"color:#666666;\">13 购物为什么不是所有宝贝返利都有40%，甚至有的查询不到？</span></b></p>\r\n&nbsp;&nbsp;&nbsp;<span style=\"font-size:12px;color:#999999;\">每件商品的返利比例，是由购物网卖家来确定的，因此每个店铺的返利比例都会不同。一些商品，例如化妆品、服装类、食品类等，因为利润较高，所以返利比例较高；而电子产品一类，利润空间较 低，所以返利比例相应会低一些。</span><br />\r\n<span style=\"font-size:12px;color:#999999;\">&nbsp;&nbsp;&nbsp;\r\n还有少数的卖家没有参加网站联盟计划，如果用户购买这些卖家提供的商品，都是没有返利的。</span><br />\r\n<span style=\"font-size:12px;color:#999999;\">&nbsp;&nbsp;&nbsp;\r\n但是，也有一些商城的卖家虽然没有参加网站联盟推广，通过返利查询不到返利的，但最后还是能从本站拿到返利。这是因为：购物网将自己的收入拿出来进行推广（购物商城入驻都要按照销售额的 一定比例支付给购物网），本站收到这部分的佣金后，也会一样返利给用户的。</span><br />\r\n<p>&nbsp;</p>\r\n<p><b><span style=\"color:#666666;\">14 返利什么时间可以到账？</span></b></p>\r\n<span style=\"font-size:12px;color:#999999;\">&nbsp; &nbsp; 购物网支付佣金给联盟网站的时间周期，一般来讲都有1-2个月，而本站为了方便会员的返利及时到账，在没有收到购物网的佣金之前，就先行垫付给会员了。</span><br />\r\n<span style=\"font-size:12px;color:#999999;\">&nbsp;&nbsp;&nbsp;\r\n所以用户在购物网“确认收货”后24小时内，本站会根据购物网反馈的信息同时将返利与订单加到用户在本站的会员帐户里。(若确认收货后3天还未查看到订单请先确认是否严格按照淘宝返利流程操 作，如果是请尽快联系本站在线客服查询)</span><br />\r\n<p>&nbsp;</p>\r\n<p><b><span style=\"color:#666666;\">15 如何避免返利掉单？</span></b></p>\r\n&nbsp;&nbsp;&nbsp;<span style=\"font-size:12px;color:#999999;\">除了淘宝聚划算，都要通过返利通道一，或者返利通道二，查询返利后再购买。特别提醒：只有通过“购物拿返利”的按钮，才能保证获得返利。</span><br />\r\n<span style=\"font-size:12px;color:#999999;\">&nbsp;&nbsp;&nbsp;\r\n其次，购物网站一般都是通过用户浏览器的Cookie值来判断用户来源。如果用户经常访问一些来路不明的网站，那么建议用户在购物拿返利之前，最好能清除一下浏览器的Cookie值，以保证不会被购物网误认为是来源于其他网站而无法得到返利。当然，如果嫌麻烦，这个步骤是可以省略的，前提是不要随意访问来路不明的网站。</span><br />\r\n<span style=\"font-size:12px;color:#999999;\">&nbsp;&nbsp;&nbsp;\r\n最后，要确保自己的电脑没有中毒，经常杀毒并养成良好的上网习惯，不要访问来路不明的网站，或者随意下载软件。一些病毒就是通过劫持用户浏览器的方式，窃取用户购物返利，而这一切都是很多用户通常所无法察觉出来的。</span><br />\r\n<p>&nbsp;</p>\r\n<p><b><span style=\"color:#666666;\">16 返利掉单后怎么办？</span></b></p>\r\n<span style=\"color:#999999;font-size:12px;\">&nbsp;&nbsp;&nbsp; 一旦发现自己按照本站的购物返利流程，还是发生购物掉单的问题，建议马上联系本站的在线客服，提交购物的凭证，以方便本站能够与购物网联系，并帮助用户找回返利。</span><br />\r\n<span style=\"color:#999999;font-size:12px;\">&nbsp;&nbsp;&nbsp;\r\n另外，要马上检查自己的电脑是否中毒，是否被安装了非法的浏览器插件，要进行严格的杀毒。目前发现的很多浏览器劫持插件，都不能被杀毒软件及时发现，这个时候就需要重装电脑系统，以确保您能获得应得的返利。</span><br />\r\n<p>&nbsp;</p>\r\n<p><b><span style=\"color:#666666;\">17 为何实际拿到的返利与查询的不符？</span></b></p>\r\n&nbsp;<span style=\"font-size:12px;color:#999999;\">&nbsp;&nbsp; 您好，返利金额与购买时候查询到的返利金额不同一般是以下2种情况：</span><br />\r\n<span style=\"font-size:12px;color:#999999;\"> </span><p><span style=\"font-size:12px;color:#999999;\">&nbsp;</span></p>\r\n<span style=\"font-size:12px;color:#999999;\"> </span><p><span style=\"font-size:12px;color:#999999;\">&nbsp;&nbsp; 1，具体返利金额是根据您支付的金额按一定比例返利的。所以如果您实际的支付金额少于原价，那返利也会相应减少。</span></p>\r\n<span style=\"font-size:12px;color:#999999;\"> &nbsp;&nbsp;&nbsp;&nbsp; &nbsp;&nbsp; 比如：查询显示宝贝价格为 100元，返利为20元。（返利比例为 20%）&nbsp;&nbsp; 实际您在购买该宝贝的时候支付的金额为50元（如商家促销、优惠降价、还价等），那么实际最终获得的返利=实际支付金额*返利比例=50*20%=10元。</span><br />\r\n<span style=\"font-size:12px;color:#999999;\"> </span><p><span style=\"font-size:12px;color:#999999;\">&nbsp;</span></p>\r\n<span style=\"font-size:12px;color:#999999;\"> </span><p><span style=\"font-size:12px;color:#999999;\">&nbsp;&nbsp; 2，返利是按最后支付时作为确认，若正好卖家在您支付之前正好在调整商品的返利佣金比例，也会导致最后获得的返利与查询到的返利不符。（返利查询是通过购物接口读取物品传输的数据，存在一定的延迟）</span></p>\r\n<span style=\"font-size:12px;color:#999999;\"> </span><p><span style=\"font-size:12px;color:#999999;\">&nbsp;</span></p>\r\n<span style=\"font-size:12px;color:#999999;\"> </span><p><span style=\"font-size:12px;color:#999999;\">&nbsp;&nbsp; 因受购物网平台的技术所限，暂无法做到100%保证用户查询时的返利与实际获得的返利相符（可能会多也可能会少），本站已经就这些用户遇到的实际问题积极向购物网反馈，争取给用户更好的返利体验。</span></p>\r\n<p>&nbsp;</p>\r\n<p><b><span style=\"color:#666666;\">18 购物是否能100%获得返利？</span></b></p>\r\n&nbsp;&nbsp;&nbsp;<span style=\"font-size:12px;color:#999999;\">您好，因受购物网平台的技术所限，需用户确认收货后24小时内购物网才反馈给我们订单信息，故购物返利跟单存在一定风险性，因此本站目前无法100%保证您能够获得返利，就此问题本站已经积极向购物网反馈，争取给予用户更好的购物返利体验。</span><br />\r\n<span style=\"font-size:12px;color:#999999;\"> </span><p><span style=\"font-size:12px;color:#999999;\">&nbsp;</span></p>\r\n<span style=\"font-size:12px;color:#999999;\"> </span><p><span style=\"font-size:12px;color:#999999;\">&nbsp;&nbsp; 另下列已知操作方式，本站不保证可获得返利：</span></p>\r\n<span style=\"font-size:12px;color:#999999;\"> </span><br />\r\n<span style=\"font-size:12px;color:#999999;\">&nbsp;&nbsp;&nbsp;\r\n1，通过本站“购物返利”搜索商品进入购物网后，从搜索结果进入的所有商品都有返利，但进入商品页面后再使用“购物网”的搜索，二次搜索的结果里的商品不保证有返利；</span><br />\r\n<span style=\"font-size:12px;color:#999999;\"> </span><br />\r\n<span style=\"font-size:12px;color:#999999;\">&nbsp;&nbsp;&nbsp;\r\n2，通过“店铺”页面的任何链接进入购物网后，进入的第一个购物网店铺购物有返利，进入第一个店铺再跳转到其他店铺或通过购物网的搜索购物，不保证有返利；</span><br />\r\n<span style=\"font-size:12px;color:#999999;\"> </span><br />\r\n<span style=\"font-size:12px;color:#999999;\">&nbsp;&nbsp;&nbsp;\r\n强烈建议：每次去购物都从本站“购物返利”页面点击进入商品页（不论是通过搜索宝贝、查询返利还是通过“店铺”进入）</span><br />',1426946903,0,0,0,1,'','','',0),(18,12,'返利订单问题郑永年：中国现在需要强势的习近平','新浪新闻','','','','<p style=\"font-size:16px;font-family:\'Microsoft YaHei\', u5FAEu8F6Fu96C5u9ED1, Arial, SimSun, u5B8Bu4F53;\">\r\n	<b>【侠客岛按】</b> \r\n</p>\r\n<p style=\"font-size:16px;font-family:\'Microsoft YaHei\', u5FAEu8F6Fu96C5u9ED1, Arial, SimSun, u5B8Bu4F53;\">\r\n	　　今天，侠客岛与新加坡国立大学东亚研究所所长郑永年教授进行了一番对谈。这番谈话，从最近在中国互联网上因“乌龙”而火了一把的李光耀先生谈起，对新加坡带来的启示，以及习近平所推动的四个全面，强势反腐的意义，进行了一番剖析。\r\n</p>\r\n<p style=\"font-size:16px;font-family:\'Microsoft YaHei\', u5FAEu8F6Fu96C5u9ED1, Arial, SimSun, u5B8Bu4F53;\">\r\n	<strong>　　如何看待李光耀？</strong> \r\n</p>\r\n<p style=\"font-size:16px;font-family:\'Microsoft YaHei\', u5FAEu8F6Fu96C5u9ED1, Arial, SimSun, u5B8Bu4F53;\">\r\n	　　李光耀先生我见过他很多次，非常的佩服。他确实是新加坡的国父，自从被马来西亚赶出来，被迫独立之后，新加坡只用了一代人就发展起来了，世界上再也找不到这样的地方。要知道世界上小国家多得是，有几个发展成这样的？北欧那些小国，也是用了一百多年才发展起来。\r\n</p>\r\n<p style=\"font-size:16px;font-family:\'Microsoft YaHei\', u5FAEu8F6Fu96C5u9ED1, Arial, SimSun, u5B8Bu4F53;\">\r\n	　　我觉得，二战以后反殖民的独立国家，他可能是最后一位政治强人了，跟他同辈的伟大政治人物，他是最后一位了，再也没有了。对他评价高的不仅仅是我们中国人，在世界上的地位也大抵如此。他从不空讲理想，而是讲可行的理想，是一个现实主义者，时时以国家利益为重。新加坡人对李光耀非常敬佩，因为他所做的就是为了新加坡。\r\n</p>\r\n<p style=\"font-size:16px;font-family:\'Microsoft YaHei\', u5FAEu8F6Fu96C5u9ED1, Arial, SimSun, u5B8Bu4F53;\">\r\n	　　他对西方媒体说过很有名的话，大意就是，我是新加坡人民选举出来的，你们不是。我总结，这就是新加坡取得那么大成就的原因。他的想法是，只要我这个政策是为了新加坡社会和人民的长远利益，即使很多人反对，也要坚决执行。\r\n</p>\r\n<p style=\"font-size:16px;font-family:\'Microsoft YaHei\', u5FAEu8F6Fu96C5u9ED1, Arial, SimSun, u5B8Bu4F53;\">\r\n	　　治理新加坡时，他有太多方面要考虑。今年新加坡建国50周年，在这个过程中，这个小国从第三世界跳到了到第一世界，从低收入国家，到了中等收入国家，而且没有掉进中等收入陷阱，一路发展到了高收入国家，人均GDP到了5.5万美元级别。\r\n</p>\r\n<p style=\"font-size:16px;font-family:\'Microsoft YaHei\', u5FAEu8F6Fu96C5u9ED1, Arial, SimSun, u5B8Bu4F53;\">\r\n	　　在考虑这些成就的时候，一定不能忘记，新加坡真的什么资源都没有，就连喝的水都要从马来西亚进口。\r\n</p>\r\n<p style=\"font-size:16px;font-family:\'Microsoft YaHei\', u5FAEu8F6Fu96C5u9ED1, Arial, SimSun, u5B8Bu4F53;\">\r\n	　　现在有年青一代批评他，但我觉得光看这个成就，李光耀就了不得。\r\n</p>\r\n<p style=\"font-size:16px;font-family:\'Microsoft YaHei\', u5FAEu8F6Fu96C5u9ED1, Arial, SimSun, u5B8Bu4F53;\">\r\n	　<strong>　李光耀与中国</strong> \r\n</p>\r\n<p style=\"font-size:16px;font-family:\'Microsoft YaHei\', u5FAEu8F6Fu96C5u9ED1, Arial, SimSun, u5B8Bu4F53;\">\r\n	　　我想李光耀，或者说新加坡，对于中国的影响是分多个阶段的。\r\n</p>\r\n<p style=\"font-size:16px;font-family:\'Microsoft YaHei\', u5FAEu8F6Fu96C5u9ED1, Arial, SimSun, u5B8Bu4F53;\">\r\n	　　1978年邓小平访问新加坡的时候，基本上就在构思中国的改革开放政策，直到南巡以后，正式提出向新加坡学习。早期，中国对新加坡的经济发展感兴趣；后来97、98年亚洲金融危机之后，又对新加坡的金融制度感兴趣；建设苏州工业园区时对工业园区感兴趣；到了天津生态城，是对新加坡的环境与生态发展感兴趣。\r\n</p>\r\n<p style=\"font-size:16px;font-family:\'Microsoft YaHei\', u5FAEu8F6Fu96C5u9ED1, Arial, SimSun, u5B8Bu4F53;\">\r\n	　　其实大家心里一直觉得应该学习，但是不太提的一个方面是，新加坡作为一个华人社会，如何构建出了清廉的政府和法治的社会，而且也是在一党独大的前提下完成的。\r\n</p>\r\n<p style=\"font-size:16px;font-family:\'Microsoft YaHei\', u5FAEu8F6Fu96C5u9ED1, Arial, SimSun, u5B8Bu4F53;\">\r\n	　　这些年因为我两边都跑，感觉到中国还需要学习新加坡的精神。当然很多官员都说，那么小个国家我怎么学？我觉得那都是借口，大国小国都值得取经。国家大小不是问题，小国家反而不好治理，因为小国家的吸收消化能力不强，所以不能犯错误，一定要科学决策。你看新加坡建国以后，从没犯过重大错误，光是这一点就值得好好学习。因为我们在夹缝中生存，所以格外谨慎，在冷战中没有犯错误，冷战之后也没有犯错误。\r\n</p>\r\n<p style=\"font-size:16px;font-family:\'Microsoft YaHei\', u5FAEu8F6Fu96C5u9ED1, Arial, SimSun, u5B8Bu4F53;\">\r\n	　　还有新加坡的政党开放性。基本上，是执政党的开放造成了自身的强大，他们真的敢于用各个方面的人才。中国现在也逐渐在开放，比如最近任命清华校长当环保部长，这和新加坡是很相似的，我们政府中很多人才都是从社会上录用的，不能光从官僚体系培养，那样太僵化。\r\n</p>\r\n<p style=\"font-size:16px;font-family:\'Microsoft YaHei\', u5FAEu8F6Fu96C5u9ED1, Arial, SimSun, u5B8Bu4F53;\">\r\n	　<strong>　如何看待习近平？</strong> \r\n</p>\r\n<p style=\"font-size:16px;font-family:\'Microsoft YaHei\', u5FAEu8F6Fu96C5u9ED1, Arial, SimSun, u5B8Bu4F53;\">\r\n	　　这个世界是很现实的，只有当你成功了，人家才会敬佩你。今天很多人到中国来，那是因为中国做成功了。如果你失败了，who cares？\r\n</p>\r\n<p style=\"font-size:16px;font-family:\'Microsoft YaHei\', u5FAEu8F6Fu96C5u9ED1, Arial, SimSun, u5B8Bu4F53;\">\r\n	　　我觉得强势和强硬，要看你做什么，中国领导人里，第一代毛泽东、第二代邓小平都是政治强人，但是人民知道他们不是为了个人、家庭或小圈子的利益，而是为整个国家的，他们做事是带着一种理想主义的。可是你看现在，反腐败中揪出来多少小圈子和组织？甚至许多领导层的性质也在变，一些领导人慢慢就没有了大格局，做事只为自己的家庭和小圈子考虑，你看看周yk、令jh，以及军中一些大老虎，都是典型。\r\n</p>\r\n<p style=\"font-size:16px;font-family:\'Microsoft YaHei\', u5FAEu8F6Fu96C5u9ED1, Arial, SimSun, u5B8Bu4F53;\">\r\n	　　任何一个领导人，都会面临关于国家发展的多重意见。我觉得很重要的是，应该像李光耀那样，不care，为了国家前途，展现出政治人物的担当。既不要当人民的大老爷，也不要当老百姓的尾巴。\r\n</p>\r\n<p style=\"font-size:16px;font-family:\'Microsoft YaHei\', u5FAEu8F6Fu96C5u9ED1, Arial, SimSun, u5B8Bu4F53;\">\r\n	　　所以现在，像习近平这种强势还是很需要的，这种强势就是一种大格局，意图将中国整个国家和社会的发展，带到下一个阶段。十八大才过去三年，他用三中全会和四中全会把顶层设计做了出来，下一步就是看要如何落实下去。\r\n</p>\r\n<p style=\"font-size:16px;font-family:\'Microsoft YaHei\', u5FAEu8F6Fu96C5u9ED1, Arial, SimSun, u5B8Bu4F53;\">\r\n	　　权力本身不是目的，权力是要附带着责任的，权力越大，责任越大。所以我说，习近平是一个敢于负责任的人。\r\n</p>\r\n<p style=\"font-size:16px;font-family:\'Microsoft YaHei\', u5FAEu8F6Fu96C5u9ED1, Arial, SimSun, u5B8Bu4F53;\">\r\n	　　习近平见过李光耀，如果他能像李光耀一样，把权力的强势最终转化成制度，那将是值得敬佩的。去年的四中全会讲法治，就是这种思路。\r\n</p>\r\n<p style=\"font-size:16px;font-family:\'Microsoft YaHei\', u5FAEu8F6Fu96C5u9ED1, Arial, SimSun, u5B8Bu4F53;\">\r\n	　　我想对于习近平来说，所有这一切，重点都在于执行、执行、执行。\r\n</p>\r\n<p style=\"font-size:16px;font-family:\'Microsoft YaHei\', u5FAEu8F6Fu96C5u9ED1, Arial, SimSun, u5B8Bu4F53;\">\r\n	　<strong>　如何看待四个全面？</strong> \r\n</p>\r\n<p style=\"font-size:16px;font-family:\'Microsoft YaHei\', u5FAEu8F6Fu96C5u9ED1, Arial, SimSun, u5B8Bu4F53;\">\r\n	　　四个全面，你倒过来看就比较清楚。全面从严治党、全面推进依法治国、全面深化改革，最后到全面建成小康社会，这样的顺序。\r\n</p>\r\n<p style=\"font-size:16px;font-family:\'Microsoft YaHei\', u5FAEu8F6Fu96C5u9ED1, Arial, SimSun, u5B8Bu4F53;\">\r\n	　　小康社会是邓小平提出来的，后来发展成全面建成小康社会，强调的其实是中产阶级观念，因为中国社会现在还是中间小两头大，中产阶级不够强大，但是世界上所有发达国家都有强大的中产阶级，这是你评价一个政府工作如何的最佳标准。中产阶级比例大了，就意味着消费社会的来临，社会稳定，经济实现可持续发展，但目前中国还没有达到这一步。\r\n</p>\r\n<p style=\"font-size:16px;font-family:\'Microsoft YaHei\', u5FAEu8F6Fu96C5u9ED1, Arial, SimSun, u5B8Bu4F53;\">\r\n	　　李光耀最成功的地方，就是抓住了“关键的少数人”。他对1978年来访的邓小平说，未来大陆一定会成功。他的理由是，新加坡人大多是福建人和广东人的后裔，祖先都不识字，很贫穷，而达官显宦、文人学士则全留守中原，因此没什么事是新加坡人做得到而中国做不到的，或没法子做得更好的。\r\n</p>\r\n<p style=\"font-size:16px;font-family:\'Microsoft YaHei\', u5FAEu8F6Fu96C5u9ED1, Arial, SimSun, u5B8Bu4F53;\">\r\n	　　亚洲国家成功的关键都是抓住“关键的少数人”，日本的明治维新如此，韩国也是如此，中国搞建设也需要关键的少数人，搞不定的话，对整个国家都不利。所以应当从关键的少数人抓，一步步走到依法治国，并以法治来推动深化体制改革。\r\n</p>\r\n<p style=\"font-size:16px;font-family:\'Microsoft YaHei\', u5FAEu8F6Fu96C5u9ED1, Arial, SimSun, u5B8Bu4F53;\">\r\n	　　<b>中国反腐与法治</b> \r\n</p>\r\n<p style=\"font-size:16px;font-family:\'Microsoft YaHei\', u5FAEu8F6Fu96C5u9ED1, Arial, SimSun, u5B8Bu4F53;\">\r\n	　　我们需要去探讨，在一党执政下的法治体系应当是怎么样的，司法体制要怎样独立，宪政体系是怎么样的，以及怎么做才能达到目标，这个是很重要的。\r\n</p>',1426946903,0,0,0,1,'','','',33),(19,16,'现金返利提现问题','','','','','<b><span style=\"color:#666666;\">1 什么是现金返利？</span></b><br />\r\n<p>\r\n	<span style=\"font-size:12px;color:#999999;\">&nbsp;&nbsp; 通过本站去各大购物商城、淘宝店铺购物后获得的返利即为现金返利，只有现金返利可进行提现操作。</span>\r\n</p>\r\n<p>\r\n	<b><br />\r\n</b>\r\n</p>\r\n<p>\r\n	<b><span style=\"color:#666666;\">2 如何申请返利提现？</span></b>\r\n</p>\r\n<p>\r\n	&nbsp;<span style=\"color:#999999;font-size:12px;\">&nbsp; 您好，当您的帐户现金返利时即可申请提现，您可以点击“会员中心-我的返利”申请返利提现，返利提现需先进行“收款信息设置”按照要求设置完毕后才能申请。</span>\r\n</p>\r\n<p>\r\n	<b><br />\r\n</b>\r\n</p>\r\n<p>\r\n	<b><span style=\"color:#666666;\">3 为什么我申请不了提现？提现按钮是灰色的？</span></b>\r\n</p>\r\n<span style=\"font-size:12px;color:#999999;\">&nbsp;&nbsp; 您好，返利提现需满足2个条件才能申请提现。</span><br />\r\n<span style=\"font-size:12px;color:#999999;\">&nbsp;&nbsp; 1，您的帐户返利有余额；</span><br />\r\n<p>\r\n	<span style=\"font-size:12px;color:#999999;\">&nbsp;&nbsp; 2，您已经在“收款信息设置”里设置过收款帐户信息。</span>\r\n</p>\r\n<p>\r\n	<br />\r\n</p>\r\n<b><span style=\"color:#666666;\">4 我申请的返利提现多久能收到呢？</span></b><span style=\"color:#666666;\"> </span><br />\r\n<p>\r\n	&nbsp;<span style=\"font-size:12px;color:#999999;\">&nbsp; 您好，会员申请提现后，本站工作人员会在1~3个工作日内把钱支付到您在本站填写提交的收款帐户里，支付宝收款用户可实时到账。</span>\r\n</p>\r\n<p>\r\n	<br />\r\n</p>\r\n<b><span style=\"color:#666666;\">5 提现只能整数兑吗？</span></b><br />\r\n<p>\r\n	<span style=\"font-size:12px;color:#999999;\">&nbsp;&nbsp; 您好，本站对提现没有限制，只要您账户有余额均可以提现。</span>\r\n</p>\r\n<p>\r\n	<br />\r\n</p>\r\n<b><span style=\"color:#666666;\">6 我填错收款信息了，不想提现了怎么办啊？</span></b><br />\r\n<p>\r\n	<span style=\"font-size:12px;color:#999999;\">&nbsp;&nbsp; 您可以及时联系本站在线客服帮你驳回申请，并按照要求修改收款帐户信息后重新申请提现即可。对于已经成功提现的申请将无法取消。</span>\r\n</p>\r\n<p>\r\n	<br />\r\n</p>\r\n<b><span style=\"color:#666666;\">7 为什么我的提现被驳回了？</span></b><br />\r\n<p>\r\n	&nbsp;<span style=\"font-size:12px;color:#999999;\">&nbsp; 您好，提现申请被驳回可能是您的收款信息填写错误，具体您可以查看站内信里的具体驳回原因，如果还是不清楚可联系本站在线客服帮您解决。</span>\r\n</p>\r\n<p>\r\n	<br />\r\n</p>\r\n<p>\r\n	<b><span style=\"color:#666666;\">8 返利提现时需要手续费吗？</span></b>\r\n</p>\r\n<p>\r\n	<span style=\"font-size:12px;color:#999999;\">&nbsp;&nbsp; 您好，如果您的收款帐户为支付宝帐户，提现时无需手续费（提现手续费由本站承担）。</span>\r\n</p>',1426946903,0,0,0,1,'','','',0),(20,5,'用户常见问题','','','','','<b><span style=\"color:#666666;\">1 为什么实际拿到的返利金额和当时购买东西时查询到的返利金额不一样呢？</span></b> <br />\r\n<span style=\"color:#999999;font-size:10px;\">&nbsp;&nbsp; <span style=\"font-size:12px;\">您好，返利金额与购买时候查询到的返利金额不同一般是以下2种情况：</span></span><br />\r\n<span style=\"font-size:12px;\"> </span><span style=\"font-size:12px;\"> </span><span style=\"color:#999999;font-size:12px;\">&nbsp;&nbsp; 1，具体返利金额是根据您支付的金额按一定比例返利的。所以如果您实际的支付金额少于原价，那返利也会相应减少。</span><br />\r\n<p>\r\n<span style=\"font-size:12px;\"> </span><span style=\"font-size:12px;\"> </span><span style=\"color:#999999;font-size:12px;\">&nbsp;&nbsp; 2，在您拍下商品到支付完成期间，正好卖家在调整商品的返利佣金比例，也会导致最后获得的返利与查询到的返利不符。（返利查询是通过购物接口读取物品传输的数据，存在一定的延迟）</span></p>\r\n<p>&nbsp;</p>\r\n<b><span style=\"color:#666666;\">2 为什么开始我要买的宝贝能查到返利，现在查不到了呢？</span></b><br />\r\n<p>\r\n&nbsp;<span style=\"font-size:12px;\">&nbsp;</span><span style=\"color:#999999;font-size:12px;\">您好，返利是由该店铺卖家决定的，店铺卖家可随时更改调整店铺中各宝贝的返利比例，用户实际获得返利以支付时该宝贝的返利比例为准。</span></p>\r\n<p>&nbsp;</p>\r\n<b><span style=\"color:#666666;\">3 我在下单了为什么看不到订单？</span></b><br />\r\n<p>&nbsp;&nbsp;<span style=\"font-size:12px;color:#999999;\">您好，返利与其他购物商城返利不同，购物后需在购物网“确认收货”后（24小时内）方可查看到相应的订单信息。若“确认收货”3天后还看不到订单信息请再详细查看下返利的相关步骤说明，确认所有 操作都没问题后，及时联系本站在线客服人员帮您查询处理。</span></p>\r\n<p>&nbsp;</p>\r\n<b><span style=\"color:#666666;\">4 如何使用购物车购物获得返利？</span></b><br />\r\n<p>&nbsp;<span style=\"font-size:12px;\">&nbsp;</span><span style=\"color:#999999;font-size:12px;\">您好，因目前订单跟踪方面存在一定技术问题，所以在购物车购物时必须注意“不同店铺卖家的商品建议不要使用购物车购买”，否则很可能会出现无法跟到订单从而无法获得返利。</span></p>\r\n<p>&nbsp;</p>\r\n<b><span style=\"color:#666666;\">5 购物为什么同一批有的订单拿到返利了有的没拿到？我用的购物车购物的.</span></b><br />\r\n<p>&nbsp;&nbsp;<span style=\"color:#999999;font-size:12px;\">您好，购物车购物是根据购物车里的各子订单是否有效判定的。如果购物车中的子订单不符合返利规则要求（任何形式的退款，包括部分退款，退运费等），则该子订单会被判为无效。</span></p>\r\n<p><span style=\"color:#999999;font-size:12px;\"><br />\r\n</span></p>\r\n<b><span style=\"color:#666666;\">6 同样的商品我购买了多件，返利如何计算啊？</span></b><br />\r\n<p><span style=\"color:#999999;\">&nbsp;&nbsp;</span><span style=\"font-size:12px;color:#999999;\">您好，返利是按单件商品计算的，同样的商品购买多件，返利会按件数叠加累计。</span></p>\r\n<p>&nbsp;</p>\r\n<b><span style=\"color:#666666;\">7 购物返利返的不都是现金吗,为什么会有返金币的？</span></b><br />\r\n&nbsp;&nbsp;<span style=\"color:#999999;font-size:12px;\"> 您好，购物返利大部分是返现金，只有个别商城如 当当网、麦网 等因商城不允许直接给用户</span><br />\r\n<p><span style=\"color:#999999;font-size:12px;\">&nbsp;&nbsp;\r\n返现金，所以我们将现金返利按同等比例以金币的形式返还给用户。（金币=现金）</span></p>\r\n<p><span style=\"color:#999999;font-size:12px;\"><br />\r\n</span></p>\r\n<b><span style=\"color:#666666;\">8 购物后的现金返利是返到哪里的啊?</span></b><br />\r\n<p>&nbsp;&nbsp;<span style=\"font-size:12px;color:#999999;\">您好，购物后的现金返利和金币返利都是直接加到您在本站的会员帐户里，现金返利到本站账户即可提现到您的支付宝里，金币返利可用于玩本站的金币游戏或兑换礼品。</span></p>\r\n<p>&nbsp;</p>\r\n<b> <span style=\"color:#666666;\">9 为什么明明我是通过本站去购物的，结果我没有拿到返利？</span></b><br />\r\n<span style=\"font-size:12px;color:#999999;\">&nbsp;&nbsp;\r\n您好，本站是根据购物商城（淘宝网、凡客诚品等）反馈的订单信息给予用户返利的，目前有2种情况会导致您明明是通过本站去购物的，但购物商城判定该订单不属于本站的，从而无法获得返利。</span><br />\r\n<span style=\"font-size:12px;color:#999999;\"> &nbsp;&nbsp;&nbsp; 1，您有访问过其他相关购物类的站点：一般购物商城会通过COOKIES记录您的访问来源，如果您在近期有访问过这类站点再访问本站，很可能会导致订单被判定不属于本站，从而无法获得返利。</span><br />\r\n<span style=\"font-size:12px;color:#999999;\"> &nbsp;&nbsp;&nbsp;&nbsp; 解决办法：删除浏览器的 COOKIES 记录。&nbsp; （点击查看如何删除各浏览器的COOKIES记录）</span><br />\r\n<span style=\"font-size:12px;color:#999999;\"> &nbsp;&nbsp;&nbsp; 2，您的电脑被安装了拦截木马：有些购物类站点会有这类非法的推广链接拦截替换木马，对您的购物链接进行拦截，并在你购物的时候将链接替换成他们的推广链接。因这类木马只是拦截替换链接，修改特定参数且只针对个别商城（如淘宝网等），对电脑本身包括用户安全等无害，所以杀毒软件一般无法查杀这类恶意插件木马。</span><br />\r\n<span style=\"font-size:12px;color:#999999;\"> &nbsp;&nbsp;&nbsp;&nbsp; 解决办法：重新安装系统，或换台机器，并且尽量不要去访问一些没有正规网络备案的非法站点和个人主页。</span><br />\r\n<span style=\"font-size:12px;color:#999999;\"> </span><br />\r\n<br />\r\n<br />',1426946903,0,0,0,1,'','','',0);

/*Table structure for table `sk_article_cate` */

DROP TABLE IF EXISTS `sk_article_cate`;

CREATE TABLE `sk_article_cate` (
  `id` smallint(4) unsigned NOT NULL AUTO_INCREMENT,
  `name` varchar(100) NOT NULL,
  `alias` varchar(50) NOT NULL,
  `pid` smallint(4) unsigned NOT NULL,
  `status` tinyint(1) NOT NULL DEFAULT '1',
  `article_nums` int(10) unsigned NOT NULL,
  `sort_order` smallint(4) unsigned NOT NULL,
  `seo_title` varchar(255) NOT NULL,
  `seo_keys` varchar(255) NOT NULL,
  `seo_desc` text NOT NULL,
  PRIMARY KEY (`id`)
) ENGINE=MyISAM AUTO_INCREMENT=22 DEFAULT CHARSET=utf8;

/*Data for the table `sk_article_cate` */

insert  into `sk_article_cate`(`id`,`name`,`alias`,`pid`,`status`,`article_nums`,`sort_order`,`seo_title`,`seo_keys`,`seo_desc`) values (1,'保险','baoxian',11,1,4,2,'','',''),(5,'信用贷','xinyong',11,1,2,1,'','',''),(9,'中小企业融资方案','qiye',10,1,6,1,'','',''),(10,'企业融资','corp',0,1,2,1,'','',''),(11,'家庭融资','home',0,1,0,0,'','',''),(12,'新闻','news',0,1,2,2,'','',''),(13,'关于公司名称','cropname',18,1,0,3,'','',''),(14,'企业IPO上市辅导','ipo',10,1,0,2,'','',''),(15,'移动POS机','pos',0,1,0,4,'','',''),(16,'融资方案','fangan',10,1,0,3,'','',''),(17,'帮助中心','help',0,1,0,5,'','',''),(18,'站点信息','corpinfo',0,1,0,7,'','',''),(19,'关于我们','about',18,1,0,2,'','',''),(20,'企业介绍','info',18,1,0,0,'','','首页企业介绍信息'),(21,'注册协议','xieyi',18,1,0,4,'','','');

/*Table structure for table `sk_cart` */

DROP TABLE IF EXISTS `sk_cart`;

CREATE TABLE `sk_cart` (
  `rec_id` int(10) unsigned NOT NULL,
  `usr_id` int(10) unsigned DEFAULT NULL,
  `session_id` varchar(32) NOT NULL,
  `goods_id` int(10) unsigned DEFAULT NULL,
  `spac_id` int(10) unsigned DEFAULT NULL,
  `spefification` varchar(255) DEFAULT NULL,
  `price` decimal(10,2) unsigned DEFAULT NULL,
  `quantity` int(10) unsigned DEFAULT NULL,
  `goods_image` varchar(255) DEFAULT NULL,
  PRIMARY KEY (`rec_id`)
) ENGINE=MyISAM DEFAULT CHARSET=utf8;

/*Data for the table `sk_cart` */

/*Table structure for table `sk_cooper` */

DROP TABLE IF EXISTS `sk_cooper`;

CREATE TABLE `sk_cooper` (
  `id` int(11) NOT NULL AUTO_INCREMENT,
  `usrname` varchar(50) DEFAULT NULL,
  `phone` varchar(50) DEFAULT NULL,
  `address` varchar(255) DEFAULT NULL,
  `remark` text,
  `add_time` int(11) DEFAULT '0',
  `status` int(11) DEFAULT '0' COMMENT '审核状态 1未审核 2已审核 3已删除',
  `aduit_time` int(11) DEFAULT '0' COMMENT '审核时间',
  `ip` varchar(50) DEFAULT NULL,
  `utime` int(11) DEFAULT '0',
  `flag` int(11) DEFAULT '0',
  PRIMARY KEY (`id`)
) ENGINE=MyISAM DEFAULT CHARSET=utf8 COMMENT='合作申请';

/*Data for the table `sk_cooper` */

/*Table structure for table `sk_feedback` */

DROP TABLE IF EXISTS `sk_feedback`;

CREATE TABLE `sk_feedback` (
  `id` int(10) NOT NULL AUTO_INCREMENT,
  `title` varchar(220) NOT NULL COMMENT '反馈主题',
  `content` text NOT NULL COMMENT '反馈内容',
  `corpname` varchar(120) NOT NULL COMMENT '单位名称',
  `address` varchar(240) NOT NULL COMMENT '单位地址',
  `zipcode` varchar(20) DEFAULT NULL,
  `linker` varchar(20) NOT NULL COMMENT '联系人',
  `mobile` varchar(20) NOT NULL COMMENT '联系手机',
  `fax` varchar(20) DEFAULT NULL COMMENT '电子传真',
  `email` varchar(50) DEFAULT NULL COMMENT '电子邮箱',
  `add_time` int(10) NOT NULL DEFAULT '0' COMMENT '添加时间',
  `add_ip` varchar(20) NOT NULL COMMENT '提交ip',
  `status` tinyint(3) NOT NULL DEFAULT '0' COMMENT '数据状态 0未审核 1已审核 2删除',
  `visit_time` int(10) NOT NULL DEFAULT '0' COMMENT '回访时间',
  `visit_status` tinyint(3) NOT NULL DEFAULT '0' COMMENT '回访状态 0未回访 1已回访',
  `visit_conx` text COMMENT '回访内容',
  `visit_usrid` int(10) NOT NULL DEFAULT '0' COMMENT '回访登记人',
  `visit_usrname` varchar(50) DEFAULT NULL,
  `usr_id` int(10) DEFAULT '0',
  `telphone` varchar(20) DEFAULT NULL,
  PRIMARY KEY (`id`)
) ENGINE=MyISAM AUTO_INCREMENT=4 DEFAULT CHARSET=utf8;

/*Data for the table `sk_feedback` */

insert  into `sk_feedback`(`id`,`title`,`content`,`corpname`,`address`,`zipcode`,`linker`,`mobile`,`fax`,`email`,`add_time`,`add_ip`,`status`,`visit_time`,`visit_status`,`visit_conx`,`visit_usrid`,`visit_usrname`,`usr_id`,`telphone`) values (1,'反馈问题','反馈内容','反馈公司','反馈地址','hoomoo@163.com','张三','13632792854','22reeeee','hoomoo@163.com',0,'',1,1427641665,1,'dsdsddsdsds',1,'admin',0,'2323232'),(2,'关于公司名称','dsdsd','dsds','dsds','dsdsd','张三','13632792854','','hoomoo@163.com',1427641811,'127.0.0.1',0,0,0,NULL,0,NULL,0,'dsdsd'),(3,'ddd','dsdsds','dsdsd','dsdsd','dsdsdsds','张三','13632792854','sdsdsd','hoomoo@163.com',1427641916,'127.0.0.1',1,1427642138,1,'ewewew',1,'admin',1,'dsds');

/*Table structure for table `sk_flink` */

DROP TABLE IF EXISTS `sk_flink`;

CREATE TABLE `sk_flink` (
  `id` int(10) unsigned NOT NULL AUTO_INCREMENT,
  `cate_id` smallint(4) NOT NULL DEFAULT '1',
  `img` varchar(255) DEFAULT NULL,
  `name` varchar(100) NOT NULL,
  `url` varchar(255) NOT NULL,
  `status` tinyint(1) NOT NULL DEFAULT '0',
  `ordid` smallint(5) NOT NULL,
  PRIMARY KEY (`id`)
) ENGINE=MyISAM AUTO_INCREMENT=7 DEFAULT CHARSET=utf8;

/*Data for the table `sk_flink` */

insert  into `sk_flink`(`id`,`cate_id`,`img`,`name`,`url`,`status`,`ordid`) values (2,1,'4f8ceab7e6f6c.jpg','微购官网','http://www.wego360.com',1,1),(5,2,NULL,'59秒开放平台','http://www.59miao.com',1,99),(6,2,NULL,'精品网','http://jingpin.59miao.com',1,99);

/*Table structure for table `sk_flink_cate` */

DROP TABLE IF EXISTS `sk_flink_cate`;

CREATE TABLE `sk_flink_cate` (
  `id` smallint(4) NOT NULL AUTO_INCREMENT,
  `name` varchar(255) NOT NULL,
  PRIMARY KEY (`id`)
) ENGINE=MyISAM AUTO_INCREMENT=3 DEFAULT CHARSET=utf8;

/*Data for the table `sk_flink_cate` */

insert  into `sk_flink_cate`(`id`,`name`) values (1,'友情链接'),(2,'合作伙伴');

/*Table structure for table `sk_focus` */

DROP TABLE IF EXISTS `sk_focus`;

CREATE TABLE `sk_focus` (
  `id` int(11) NOT NULL AUTO_INCREMENT,
  `cate_id` int(11) NOT NULL,
  `title` varchar(255) NOT NULL,
  `url` varchar(255) NOT NULL,
  `img` varchar(255) NOT NULL,
  `abst` text NOT NULL,
  `clicks` int(10) NOT NULL DEFAULT '0',
  `ordid` smallint(4) NOT NULL,
  `status` tinyint(1) NOT NULL,
  PRIMARY KEY (`id`),
  KEY `status` (`status`),
  KEY `ordid` (`ordid`)
) ENGINE=MyISAM AUTO_INCREMENT=11 DEFAULT CHARSET=utf8;

/*Data for the table `sk_focus` */

insert  into `sk_focus`(`id`,`cate_id`,`title`,`url`,`img`,`abst`,`clicks`,`ordid`,`status`) values (7,1,'悦己网时装周，2件6折，3件4折。','?a=index&m=cate&cid=7','./data/focus/551626514dbbc.jpg','',92,0,1);

/*Table structure for table `sk_focus_cate` */

DROP TABLE IF EXISTS `sk_focus_cate`;

CREATE TABLE `sk_focus_cate` (
  `id` smallint(6) NOT NULL AUTO_INCREMENT,
  `name` varchar(50) NOT NULL,
  `width` smallint(6) NOT NULL DEFAULT '0',
  `height` smallint(6) NOT NULL DEFAULT '0',
  PRIMARY KEY (`id`)
) ENGINE=MyISAM AUTO_INCREMENT=2 DEFAULT CHARSET=utf8;

/*Data for the table `sk_focus_cate` */

insert  into `sk_focus_cate`(`id`,`name`,`width`,`height`) values (1,'首页焦点',580,280);

/*Table structure for table `sk_goods` */

DROP TABLE IF EXISTS `sk_goods`;

CREATE TABLE `sk_goods` (
  `id` int(10) NOT NULL AUTO_INCREMENT,
  `cate_id` smallint(4) DEFAULT NULL COMMENT '产品分类',
  `good_name` varchar(255) DEFAULT NULL COMMENT '产品名称',
  `img` varchar(255) DEFAULT NULL COMMENT '原始图片',
  `simg` varchar(255) DEFAULT NULL COMMENT '小图片',
  `bimg` varchar(255) DEFAULT NULL COMMENT '大图片',
  `url` varchar(1000) DEFAULT NULL COMMENT '链接地址',
  `hits` int(10) NOT NULL DEFAULT '0' COMMENT '浏览次数',
  `status` tinyint(1) NOT NULL DEFAULT '1' COMMENT '数据状态 1有效0无效默认为0',
  `add_time` int(10) NOT NULL DEFAULT '0' COMMENT '添加时间',
  `seo_title` varchar(255) DEFAULT NULL,
  `seo_keys` varchar(255) DEFAULT NULL,
  `seo_desc` varchar(250) DEFAULT NULL,
  `desc` text COMMENT '详细资料',
  `recom` int(4) NOT NULL DEFAULT '0' COMMENT '是该推荐 1推荐0不推荐 默认0',
  `sort_order` int(4) NOT NULL DEFAULT '2' COMMENT '显示顺序，数越大越靠前',
  `pcode` varchar(20) NOT NULL COMMENT '产品编号',
  `closed` tinyint(3) NOT NULL DEFAULT '0' COMMENT '是否关闭 1关闭0 不关闭 默认不关闭',
  `close_reason` varchar(255) DEFAULT NULL COMMENT '关闭原因',
  `last_time` int(10) NOT NULL COMMENT '更新时间',
  `price` decimal(10,2) NOT NULL DEFAULT '0.00' COMMENT '单价',
  `tags` varchar(102) DEFAULT NULL COMMENT '标签,以,分割',
  `remark` varchar(300) DEFAULT NULL COMMENT '产品备注',
  `guige` varchar(200) DEFAULT NULL COMMENT '产品规格',
  PRIMARY KEY (`id`),
  KEY `cid` (`cate_id`),
  KEY `title` (`good_name`),
  KEY `recom` (`recom`),
  KEY `cate_ix` (`cate_id`),
  KEY `status_ix` (`status`)
) ENGINE=MyISAM AUTO_INCREMENT=6 DEFAULT CHARSET=utf8;

/*Data for the table `sk_goods` */

insert  into `sk_goods`(`id`,`cate_id`,`good_name`,`img`,`simg`,`bimg`,`url`,`hits`,`status`,`add_time`,`seo_title`,`seo_keys`,`seo_desc`,`desc`,`recom`,`sort_order`,`pcode`,`closed`,`close_reason`,`last_time`,`price`,`tags`,`remark`,`guige`) values (1,10,'招商卡sss','http://www.sk.cn/data/goods/m_5516296717939.jpg','http://www.sk.cn/data/goods/m_5516296717939.jpg','http://www.sk.cn/data/goods/m_5516296717939.jpg','',174,1,1426407471,'','','','1212121212',1,5,'pc001',0,NULL,1427635217,'12.00',NULL,'是我问我','x0002'),(5,10,'xzxzxzx',NULL,'','','',8,1,0,'','','',NULL,1,0,'pc001',0,NULL,0,'6.00',NULL,NULL,'wewewe');

/*Table structure for table `sk_goods_spec` */

DROP TABLE IF EXISTS `sk_goods_spec`;

CREATE TABLE `sk_goods_spec` (
  `spec_id` int(10) unsigned NOT NULL,
  `goods_id` int(10) unsigned DEFAULT NULL,
  `spec_1` varchar(60) DEFAULT NULL,
  `sku` varchar(60) DEFAULT NULL,
  `spec_2` varchar(60) DEFAULT NULL,
  `price` decimal(10,2) DEFAULT NULL,
  PRIMARY KEY (`spec_id`)
) ENGINE=MyISAM DEFAULT CHARSET=utf8;

/*Data for the table `sk_goods_spec` */

/*Table structure for table `sk_goods_statistics` */

DROP TABLE IF EXISTS `sk_goods_statistics`;

CREATE TABLE `sk_goods_statistics` (
  `goods_id` int(10) unsigned NOT NULL,
  `views` int(10) unsigned NOT NULL,
  `collents` int(10) unsigned NOT NULL,
  `carts` int(10) unsigned NOT NULL,
  `orders` int(10) unsigned NOT NULL,
  `sales` int(10) unsigned NOT NULL,
  `comments` int(10) unsigned NOT NULL,
  PRIMARY KEY (`goods_id`)
) ENGINE=MyISAM DEFAULT CHARSET=utf8;

/*Data for the table `sk_goods_statistics` */

/*Table structure for table `sk_group` */

DROP TABLE IF EXISTS `sk_group`;

CREATE TABLE `sk_group` (
  `id` smallint(3) unsigned NOT NULL AUTO_INCREMENT,
  `name` varchar(25) NOT NULL,
  `title` varchar(50) NOT NULL,
  `create_time` int(11) unsigned NOT NULL,
  `update_time` int(11) unsigned NOT NULL DEFAULT '0',
  `status` tinyint(1) unsigned NOT NULL DEFAULT '0',
  `sort` smallint(3) unsigned NOT NULL DEFAULT '0',
  PRIMARY KEY (`id`),
  KEY `status` (`status`),
  KEY `sort` (`sort`)
) ENGINE=MyISAM AUTO_INCREMENT=30 DEFAULT CHARSET=utf8;

/*Data for the table `sk_group` */

insert  into `sk_group`(`id`,`name`,`title`,`create_time`,`update_time`,`status`,`sort`) values (1,'system','系统设置',1222841259,1222841259,1,6),(4,'article','内容管理',1222841259,1222841259,1,3),(6,'goods','商品管理',1222841259,0,1,2),(8,'member','会员管理',0,0,1,4),(9,'home','起始页',0,1341386748,1,1),(29,'other','其他管理',1345776358,0,1,7);

/*Table structure for table `sk_items_cate` */

DROP TABLE IF EXISTS `sk_items_cate`;

CREATE TABLE `sk_items_cate` (
  `id` smallint(4) NOT NULL AUTO_INCREMENT,
  `name` varchar(50) NOT NULL,
  `keywords` varchar(128) NOT NULL,
  `img` varchar(255) DEFAULT NULL,
  `pid` smallint(4) NOT NULL DEFAULT '0',
  `item_nums` int(10) NOT NULL DEFAULT '0',
  `item_likes` int(11) NOT NULL,
  `ordid` smallint(4) NOT NULL DEFAULT '0',
  `tags` varchar(50) NOT NULL,
  `is_hots` tinyint(1) NOT NULL DEFAULT '0',
  `status` tinyint(1) NOT NULL DEFAULT '1',
  `recommend` int(1) NOT NULL DEFAULT '0' COMMENT '0表示不推荐，1表示推荐',
  `import_status` int(1) NOT NULL DEFAULT '1',
  `seo_title` varchar(255) NOT NULL,
  `seo_keys` varchar(255) NOT NULL,
  `color` varchar(255) DEFAULT NULL,
  `seo_desc` text NOT NULL,
  `matching_title` varchar(2000) DEFAULT NULL,
  PRIMARY KEY (`id`),
  KEY `index_is_hots` (`is_hots`),
  KEY `ordid` (`ordid`),
  KEY `index_pid` (`pid`,`recommend`,`status`),
  KEY `status` (`status`)
) ENGINE=MyISAM AUTO_INCREMENT=13 DEFAULT CHARSET=utf8;

/*Data for the table `sk_items_cate` */

insert  into `sk_items_cate`(`id`,`name`,`keywords`,`img`,`pid`,`item_nums`,`item_likes`,`ordid`,`tags`,`is_hots`,`status`,`recommend`,`import_status`,`seo_title`,`seo_keys`,`color`,`seo_desc`,`matching_title`) values (1,'新闻中心','',NULL,0,0,0,1,'',0,1,0,1,'','','','',''),(2,'新闻资讯','',NULL,1,0,0,0,'',0,1,0,1,'','','','',''),(3,'站点信息','',NULL,0,0,0,0,'',0,1,0,1,'','','','',''),(4,'公司新闻',' ',NULL,1,0,0,0,'',0,1,0,1,'','','','',''),(5,'商品分类','保险',NULL,0,0,0,0,'',0,1,0,1,'','','','',''),(6,'商品分类1','理财',NULL,5,0,0,0,'',0,1,0,1,'','','','',''),(7,'公司简介','',NULL,3,0,0,0,'',0,1,0,1,'','','','',''),(9,'关于我们','',NULL,3,0,0,0,'',0,1,0,1,'','','','',''),(10,'商品分类x','分类',NULL,5,0,0,3,'',0,1,0,1,'','','','',''),(11,'叶子','叶子',NULL,5,0,0,0,'',0,1,0,1,'','','','',''),(12,'吗啡','吗啡',NULL,5,0,0,0,'',0,1,0,1,'','','','','');

/*Table structure for table `sk_member` */

DROP TABLE IF EXISTS `sk_member`;

CREATE TABLE `sk_member` (
  `flag` tinyint(3) unsigned NOT NULL DEFAULT '0' COMMENT '账户状态',
  `usrid` int(10) NOT NULL AUTO_INCREMENT,
  `usrname` varchar(50) NOT NULL,
  `usrpwd` varchar(255) NOT NULL,
  `logincount` int(11) DEFAULT '0' COMMENT '登录次数',
  `email` varchar(60) NOT NULL DEFAULT '',
  `real_name` varchar(30) DEFAULT NULL,
  `gender` tinyint(3) DEFAULT '0',
  `birthday` int(10) DEFAULT '0',
  `phone_tel` varchar(60) DEFAULT NULL,
  `phone_mob` varchar(60) DEFAULT NULL,
  `im_qq` varchar(60) DEFAULT NULL,
  `im_weixin` varchar(60) DEFAULT NULL,
  `reg_ip` varchar(30) NOT NULL,
  `reg_time` int(10) unsigned DEFAULT '0',
  `last_login` int(10) unsigned DEFAULT NULL,
  `last_ip` varchar(30) DEFAULT NULL,
  `logins` int(10) unsigned DEFAULT '0',
  `portrait` varchar(255) DEFAULT NULL,
  `activation` varchar(200) DEFAULT NULL,
  `feed_config` text,
  `province` int(10) DEFAULT NULL,
  `city` int(10) DEFAULT NULL,
  `county` int(10) DEFAULT NULL,
  PRIMARY KEY (`usrid`)
) ENGINE=MyISAM AUTO_INCREMENT=2 DEFAULT CHARSET=utf8;

/*Data for the table `sk_member` */

insert  into `sk_member`(`flag`,`usrid`,`usrname`,`usrpwd`,`logincount`,`email`,`real_name`,`gender`,`birthday`,`phone_tel`,`phone_mob`,`im_qq`,`im_weixin`,`reg_ip`,`reg_time`,`last_login`,`last_ip`,`logins`,`portrait`,`activation`,`feed_config`,`province`,`city`,`county`) values (1,1,'test','fcea920f7412b5da7be0cf42b8c93759',0,'hoomoo@163.com','张三',0,0,NULL,'13632792854',NULL,NULL,'1427640008',1270,NULL,NULL,0,NULL,NULL,NULL,5,69,645);

/*Table structure for table `sk_nav` */

DROP TABLE IF EXISTS `sk_nav`;

CREATE TABLE `sk_nav` (
  `id` int(11) NOT NULL AUTO_INCREMENT,
  `name` varchar(255) NOT NULL,
  `alias` varchar(50) NOT NULL,
  `url` varchar(255) NOT NULL,
  `sort_order` smallint(4) NOT NULL,
  `system` tinyint(1) NOT NULL DEFAULT '0' COMMENT '1-系统 0-自定义',
  `type` tinyint(1) NOT NULL DEFAULT '1' COMMENT '导航位置1-顶部 2-底部',
  `in_site` tinyint(1) NOT NULL COMMENT '1-本站内 0-站外',
  `is_show` tinyint(1) NOT NULL DEFAULT '1',
  `seo_title` varchar(255) NOT NULL,
  `seo_keys` text NOT NULL,
  `seo_desc` text NOT NULL,
  `items_cate_id` int(11) DEFAULT NULL COMMENT '//分类id',
  PRIMARY KEY (`id`),
  KEY `is_show` (`is_show`),
  KEY `type` (`type`),
  KEY `sort_order` (`sort_order`),
  KEY `alias` (`alias`)
) ENGINE=MyISAM AUTO_INCREMENT=20 DEFAULT CHARSET=utf8;

/*Data for the table `sk_nav` */

insert  into `sk_nav`(`id`,`name`,`alias`,`url`,`sort_order`,`system`,`type`,`in_site`,`is_show`,`seo_title`,`seo_keys`,`seo_desc`,`items_cate_id`) values (1,'逛宝贝','search','',1,1,1,1,1,'','','',0),(2,'专辑','album','',2,1,1,1,1,'','','',0),(3,'促销活动','promo','',3,1,1,1,1,'','','',0),(4,'返现商家','seller','',4,1,1,1,1,'','','',NULL),(5,'积分商城','exchange_goods','',5,1,1,1,1,'','','',NULL),(7,'鞋子','xiezi','',8,0,1,1,1,'','','',2),(8,'包包','baobao','',9,0,1,1,1,'','','',3),(9,'配饰','peishi','',10,0,1,0,0,'','','',0),(10,'美容','meirong','',11,0,1,1,1,'','','',5),(11,'家居','jiaju','',12,0,1,1,1,'','','',6),(14,'帮助中心','bangzhu','http://bbs.wego360.com',0,0,1,0,0,'','','',0),(15,'女装','nvzhuang','http://',6,0,1,1,1,'','','',548),(16,'男装','nanzhuang','http://',7,0,1,1,1,'','','',590),(17,'母婴','母婴','http://',13,0,1,1,1,'','','',682),(18,'家电','jiadian','http://',14,0,1,1,1,'','','',493),(19,'美食','meishi','http://',15,0,1,1,1,'','','',733);

/*Table structure for table `sk_node` */

DROP TABLE IF EXISTS `sk_node`;

CREATE TABLE `sk_node` (
  `id` smallint(6) unsigned NOT NULL AUTO_INCREMENT,
  `module` varchar(255) NOT NULL,
  `module_name` varchar(50) NOT NULL,
  `action` varchar(255) NOT NULL,
  `action_name` varchar(50) DEFAULT NULL,
  `data` varchar(255) DEFAULT NULL,
  `status` tinyint(1) DEFAULT '0',
  `remark` varchar(255) DEFAULT NULL,
  `sort` smallint(6) unsigned NOT NULL DEFAULT '0',
  `auth_type` tinyint(1) NOT NULL DEFAULT '0',
  `group_id` tinyint(3) unsigned DEFAULT '0',
  `often` tinyint(1) NOT NULL DEFAULT '0' COMMENT '0-不常用 1-常用',
  `is_show` tinyint(1) NOT NULL DEFAULT '0' COMMENT '0-不常用 1-常用',
  PRIMARY KEY (`id`),
  KEY `status` (`status`),
  KEY `module` (`module`),
  KEY `auth_type` (`auth_type`),
  KEY `is_show` (`is_show`),
  KEY `group_id` (`group_id`),
  KEY `sort` (`sort`)
) ENGINE=MyISAM AUTO_INCREMENT=278 DEFAULT CHARSET=utf8;

/*Data for the table `sk_node` */

insert  into `sk_node`(`id`,`module`,`module_name`,`action`,`action_name`,`data`,`status`,`remark`,`sort`,`auth_type`,`group_id`,`often`,`is_show`) values (1,'node','菜单管理','','','',1,'',0,0,1,0,0),(2,'node','菜单管理','index','菜单列表','',1,'',0,1,1,0,0),(3,'node','菜单管理','add','添加菜单','',1,'',0,2,1,0,0),(4,'node','菜单管理','edit','编辑菜单','',1,'',0,2,1,0,0),(5,'node','菜单管理','delete','删除菜单','',1,'',0,2,1,0,0),(6,'role','角色管理','','','',1,'',370,0,1,0,0),(7,'role','角色管理','index','角色管理','',1,'',0,1,1,0,0),(8,'role','角色管理','add','添加角色','',1,'',0,2,1,0,0),(9,'role','角色管理','edit','编辑角色','',1,'',0,2,1,0,0),(10,'role','角色管理','delete','删除角色','',1,'',0,2,1,0,0),(11,'role','角色管理','auth','角色授权','',1,'',0,2,1,0,0),(12,'admin','管理员管理','','','',1,'',380,0,1,0,0),(13,'admin','管理员管理','index','管理员列表','',1,'',0,1,1,0,0),(14,'admin','管理员管理','add','添加管理员','',1,'',0,2,1,0,0),(15,'admin','管理员管理','edit','编辑管理员','',1,'',0,2,1,0,0),(16,'admin','管理员管理','delete','删除管理员','',1,'',0,2,1,0,0),(50,'setting','网站设置','','','',1,'',399,0,1,0,0),(51,'setting','网站设置','index','网站设置','',1,'',0,1,1,0,0),(99,'flink','友情链接','','','',1,'',98,0,4,0,0),(100,'flink','友情链接','index','友情链接列表','',1,'',0,1,4,0,0),(101,'article','资讯管理','','','',1,'',100,0,4,0,0),(102,'article','资讯管理','index','资讯列表','',1,'',0,1,4,0,0),(103,'article','资讯管理','add','添加资讯','',1,'',0,1,4,0,0),(104,'article_cate','资讯分类','','','',1,'',99,0,4,0,0),(105,'article','资讯管理','edit','编辑资讯','',1,'',0,2,4,0,0),(106,'article','资讯管理','delete','删除资讯','',1,'',0,2,4,0,0),(107,'article_cate','资讯分类','index','分类列表','',1,'',0,1,4,0,0),(108,'article_cate','资讯分类','add','添加分类','',1,'',0,2,4,0,0),(109,'article_cate','资讯分类','edit','编辑分类','',1,'',0,2,4,0,0),(110,'article_cate','资讯分类','delete','删除分类','',1,'',0,2,4,0,0),(115,'items_cate','商品管理','','','',1,'',0,0,6,0,0),(116,'goods','商品管理','index','商品列表','',1,'',0,1,6,0,0),(117,'items_cate','商品分类','','','',1,'',0,0,6,0,0),(118,'items_cate','商品分类','index','商品分类','',1,'',0,1,6,0,0),(131,'goods','商品管理','add','添加商品','5',1,'',0,1,6,0,0),(132,'items_cate','商品管理','add','添加分类','',1,'',0,1,6,0,0),(139,'adboard','广告位置','','','',1,'',90,0,4,0,0),(140,'adboard','广告位置','index','广告位置','',1,'',0,1,4,0,0),(141,'ad','广告管理','','','',1,'',90,0,4,0,0),(142,'ad','广告管理','index','广告列表','',1,'',0,1,4,0,0),(148,'flink','友情链接','add','添加友情链接','',1,'',0,2,4,0,0),(149,'flink','友情链接','edit','编辑友情链接','',1,'',0,2,4,0,0),(150,'flink','友情链接','del','删除友情链接','',1,'',0,2,4,0,0),(151,'ad','广告管理','add','添加广告','',1,'',0,2,4,0,0),(152,'ad','广告管理','edit','编辑广告','',1,'',0,2,4,0,0),(153,'ad','广告管理','delete','删除广告','',1,'',0,2,4,0,0),(154,'adboard','广告位置','add','添加广告位置','',1,'',0,2,4,0,0),(155,'adboard','广告位置','edit','编辑广告位置','',1,'',0,2,4,0,0),(156,'adboard','广告位置','delete','删除广告位置','',1,'',0,2,4,0,0),(157,'focus','焦点图管理','','','',1,'',101,0,4,0,0),(158,'focus','焦点图管理','edit','编辑焦点图','',1,'',0,2,4,0,0),(159,'focus','焦点图管理','delete','删除焦点图','',1,'',0,2,4,0,0),(160,'goods','商品管理','edit','编辑商品','',1,'',0,2,6,0,0),(161,'goods','商品管理','delete','删除商品','',1,'',0,2,6,0,0),(163,'items_cate','商品管理','delete','删除分类','',1,'',0,2,6,0,0),(164,'items_tags','标签管理','add','添加标签','',1,'',0,2,1,0,0),(165,'items_tags','标签管理','edit','编辑标签','',1,'',0,2,1,0,0),(166,'items_tags','标签管理','delete','删除标签','',1,'',0,2,1,0,0),(177,'cache','缓存管理',' ','','',1,'',0,0,1,0,1),(178,'cache','缓存管理','index','缓存管理','',1,'',0,2,1,0,1),(181,'items_tags','标签管理','index','标签列表','',1,'',0,2,1,0,0),(182,'shop','商城管理','','','',1,'',399,0,7,0,0),(183,'shop','商城管理','index','商城列表','',1,'',0,1,7,0,0),(184,'shop','商城管理','add','添加商城','',1,'',0,1,7,0,0),(185,'shop','商城管理','edit','编辑商城','',1,'',0,1,7,0,1),(186,'shop','商城管理','delete','删除商城','',1,'',0,1,7,0,1),(187,'shop_cate','商城类别','','','',1,'',399,0,7,0,0),(188,'shop_cate','商城类别','index','类别列表','',1,'',0,1,7,0,0),(189,'shop_cate','商城类别','add','添加类别','',1,'',0,1,7,0,0),(190,'shop_cate','商城类别','edit','编辑类别','',1,'',0,1,7,0,1),(191,'shop_cate','商城类别','delete','删除类别','',1,'',0,1,7,0,1),(192,'user','会员管理','','','',1,'',399,0,8,0,0),(193,'user','会员管理','index','会员列表','',1,'',0,1,8,0,0),(194,'user','会员管理','delete','删除','',1,'',0,1,8,0,1),(277,'orders','订单管理','index','订单列表','',1,'',0,0,6,0,0),(208,'database','数据库管理','','','',1,'',0,0,29,0,0),(209,'database','数据库管理','execute','执行','',1,'',0,1,29,0,0),(210,'group','菜单分类管理','','','',1,'菜单分类管理',10,0,1,0,0),(211,'group','菜单分类管理','index','分类列表','',1,'',0,1,1,0,0),(212,'public','起始页','','','',1,'',0,0,9,0,0),(213,'public','起始页','main','后台首页','',1,'',0,1,9,0,0),(220,'miao_order','订单管理','','','',1,'',0,0,28,0,0),(221,'miao_order','订单管理','getorder','获取b2c订单','',1,'',2,1,28,0,0),(222,'cash_back_log','用户收支管理','','','',1,'',0,0,28,0,0),(223,'cash_back_log','用户收支管理','index','收支记录列表','',1,'',0,1,28,0,0),(224,'user_tixian','提现管理','','','',1,'',0,0,28,0,0),(225,'user_tixian','提现管理','index','提现列表','',1,'',0,1,28,0,0),(226,'miao_order','订单管理','index','订单列表','',1,'',1,1,28,0,0),(232,'seller_cate','商家分类管理','','','',1,'',0,0,27,0,0),(233,'seller_cate','商家分类管理','index','分类列表','',1,'',0,1,27,0,0),(235,'seller_cate','商家分类管理','edit','编辑分类','',1,'',0,2,27,0,0),(236,'seller_cate','商家分类管理','add','增加分类','',1,'',0,2,27,0,0),(237,'seller_list','商家管理','','','',1,'',0,0,27,0,0),(238,'seller_list','商家管理','index','商家列表','',1,'',0,1,27,0,0),(239,'seller_list','商家管理','add','增加商家','',1,'',0,2,27,0,0),(241,'group','菜单分类管理','add','增加分类','',1,'',0,2,1,0,0),(242,'group','菜单分类管理','edit','编辑分类','',1,'',0,2,1,0,0),(243,'group','菜单分类管理','delete','删除分类','',1,'',0,2,1,0,0),(248,'database','数据库管理','backup','数据库备份','',1,'',0,1,29,0,0),(249,'database','数据库管理','restore','数据库恢复','',1,'',0,1,29,0,0),(251,'goods','商品管理','delete_search','一键删除','',1,'',0,1,6,0,0),(257,'seo','seo管理','index','SEO管理','',1,'',0,1,29,0,0),(260,'seo','SEO管理','','','',1,'',0,0,29,0,0),(261,'focus','焦点图管理','index','焦点图列表','',1,'',0,1,4,0,0),(262,'focus','焦点图管理','add','增加焦点图','',1,'',0,1,4,0,0),(266,'miao_order','订单管理','get_tao_order','获取淘宝订单','',1,'',3,1,28,0,0),(268,'cash_setting','返利设置','','','',1,'',0,0,28,0,0),(269,'cash_setting','返利设置','index','返利设置','',1,'',0,1,28,0,0),(270,'items_cate','商品分类','add_all','批量添加','',1,'',0,1,6,0,0),(275,'feedback','反馈回访','index','反馈回访列表','',1,'',0,1,8,0,0),(274,'cooper','加盟申请列表','index','申请列表','',1,'',0,1,8,0,0);

/*Table structure for table `sk_order_extm` */

DROP TABLE IF EXISTS `sk_order_extm`;

CREATE TABLE `sk_order_extm` (
  `order_id` int(10) unsigned NOT NULL,
  `consignee` varchar(60) NOT NULL,
  `region_id` int(10) unsigned DEFAULT NULL,
  `region_name` varchar(255) DEFAULT NULL,
  `address` varchar(255) DEFAULT NULL,
  `zipcode` varchar(20) DEFAULT NULL,
  `phone_tel` varchar(60) DEFAULT NULL,
  `phone_mob` varchar(60) DEFAULT NULL,
  PRIMARY KEY (`order_id`)
) ENGINE=MyISAM DEFAULT CHARSET=utf8;

/*Data for the table `sk_order_extm` */

insert  into `sk_order_extm`(`order_id`,`consignee`,`region_id`,`region_name`,`address`,`zipcode`,`phone_tel`,`phone_mob`) values (1,'ewewe',17,'wwewew','wwewew','wewew','ewewe',''),(2,'32323',4,'3232','3232','32323','32323',''),(3,'232',4,'23232','23232','2323','2323',''),(4,'sdsd',5,'32323','32323','dsd','sdsd',''),(5,'sdsd',3,'sdsd','sdsd','dsds','sdsd',''),(6,'2323',6,'2232','2232','2323','23232',''),(7,'dsds',4,'dwdw','dwdw','dsds','sdsd',''),(8,'dsds',3,'dwdw','dwdw','dsds','sdsd',''),(9,'23232',3,'2323','2323','2323','2323',''),(10,'232',6,'223','223','232','232',''),(11,'wewe',4,'ewe','ewe','wew','wewe',''),(12,'ewew',4,'ewe','ewe','wewew','wewe','');

/*Table structure for table `sk_order_goods` */

DROP TABLE IF EXISTS `sk_order_goods`;

CREATE TABLE `sk_order_goods` (
  `rec_id` int(10) unsigned NOT NULL AUTO_INCREMENT,
  `order_id` int(10) unsigned NOT NULL COMMENT '订单id',
  `goods_id` int(10) unsigned NOT NULL COMMENT '商品id',
  `goods_name` varchar(255) NOT NULL COMMENT '商品名称',
  `spec_id` int(10) unsigned NOT NULL COMMENT '规格编号',
  `specification` varchar(255) DEFAULT NULL COMMENT '规格名称',
  `price` decimal(10,2) unsigned NOT NULL COMMENT '价格',
  `quantity` int(10) unsigned NOT NULL COMMENT '商品数量',
  `goods_images` varchar(255) DEFAULT NULL COMMENT '商品图片',
  `evaluation` tinyint(1) unsigned DEFAULT NULL,
  `commet` varchar(255) NOT NULL COMMENT '商品描述',
  `is_valid` tinyint(1) unsigned DEFAULT '1' COMMENT '是否有效 1有效 0无效',
  `goods_code` varchar(20) DEFAULT NULL,
  PRIMARY KEY (`rec_id`)
) ENGINE=MyISAM AUTO_INCREMENT=13 DEFAULT CHARSET=utf8;

/*Data for the table `sk_order_goods` */

insert  into `sk_order_goods`(`rec_id`,`order_id`,`goods_id`,`goods_name`,`spec_id`,`specification`,`price`,`quantity`,`goods_images`,`evaluation`,`commet`,`is_valid`,`goods_code`) values (1,1,1,'招商卡sss',0,'x0002','12.00',3,'http://www.sk.cn/data/goods/m_5516296717939.jpg',NULL,'是我问我',1,NULL),(2,2,5,'xzxzxzx',0,'wewewe','6.00',3,'',NULL,'',1,NULL),(3,3,1,'招商卡sss',0,'x0002','12.00',1,'http://www.sk.cn/data/goods/m_5516296717939.jpg',NULL,'是我问我',1,NULL),(4,4,1,'招商卡sss',0,'x0002','12.00',1,'http://www.sk.cn/data/goods/m_5516296717939.jpg',NULL,'是我问我',1,'pc001'),(5,5,1,'招商卡sss',0,'x0002','12.00',1,'http://www.sk.cn/data/goods/m_5516296717939.jpg',NULL,'是我问我',1,'pc001'),(6,6,5,'xzxzxzx',0,'wewewe','6.00',1,'',NULL,'',1,'pc001'),(7,7,1,'招商卡sss',0,'x0002','12.00',1,'http://www.sk.cn/data/goods/m_5516296717939.jpg',NULL,'是我问我',1,'pc001'),(8,8,1,'招商卡sss',0,'x0002','12.00',1,'http://www.sk.cn/data/goods/m_5516296717939.jpg',NULL,'是我问我',1,'pc001'),(9,9,1,'招商卡sss',0,'x0002','12.00',1,'http://www.sk.cn/data/goods/m_5516296717939.jpg',NULL,'是我问我',1,'pc001'),(10,10,1,'招商卡sss',0,'x0002','12.00',1,'http://www.sk.cn/data/goods/m_5516296717939.jpg',NULL,'是我问我',1,'pc001'),(11,11,1,'招商卡sss',0,'x0002','12.00',1,'http://www.sk.cn/data/goods/m_5516296717939.jpg',NULL,'是我问我',1,'pc001'),(12,12,1,'招商卡sss',0,'x0002','12.00',1,'http://www.sk.cn/data/goods/m_5516296717939.jpg',NULL,'是我问我',1,'pc001');

/*Table structure for table `sk_order_log` */

DROP TABLE IF EXISTS `sk_order_log`;

CREATE TABLE `sk_order_log` (
  `log_id` int(10) unsigned NOT NULL AUTO_INCREMENT,
  `order_id` int(10) unsigned NOT NULL,
  `operator` varchar(60) NOT NULL,
  `order_status` varchar(60) NOT NULL,
  `chaged_status` varchar(60) NOT NULL,
  `remark` varchar(255) DEFAULT NULL,
  `log_time` int(10) unsigned NOT NULL,
  PRIMARY KEY (`log_id`)
) ENGINE=MyISAM AUTO_INCREMENT=13 DEFAULT CHARSET=utf8;

/*Data for the table `sk_order_log` */

insert  into `sk_order_log`(`log_id`,`order_id`,`operator`,`order_status`,`chaged_status`,`remark`,`log_time`) values (1,1,'张三','init','1','成功下单',1427642834),(2,2,'张三','init','2','成功下单',1427642954),(3,3,'张三','init','3','成功下单',1427643103),(4,4,'张三','init','4','成功下单',1427643284),(5,5,'张三','init','5','成功下单',1427643333),(6,6,'张三','init','6','成功下单',1427643392),(7,7,'张三','init','7','成功下单',1427643656),(8,8,'张三','init','8','成功下单',1427643694),(9,9,'张三','init','9','成功下单',1427643732),(10,10,'张三','init','10','成功下单',1427643818),(11,11,'张三','init','11','成功下单',1427643852),(12,12,'张三','init','12','成功下单',1427643943);

/*Table structure for table `sk_orders` */

DROP TABLE IF EXISTS `sk_orders`;

CREATE TABLE `sk_orders` (
  `shipping_name` varchar(100) DEFAULT NULL,
  `order_id` int(10) unsigned NOT NULL AUTO_INCREMENT,
  `order_sn` varchar(10) NOT NULL COMMENT '订单号',
  `buyer_id` int(10) unsigned NOT NULL COMMENT '购买人',
  `buyer_name` varchar(100) NOT NULL COMMENT '购买人',
  `buyer_email` varchar(60) DEFAULT NULL,
  `status` tinyint(3) unsigned NOT NULL DEFAULT '0' COMMENT '订单状态',
  `add_time` int(10) unsigned NOT NULL COMMENT '下单时间',
  `payment_id` int(10) unsigned DEFAULT NULL COMMENT '支付方式',
  `payment_name` varchar(100) DEFAULT NULL COMMENT '支付方式名称',
  `payment_code` varchar(20) DEFAULT NULL COMMENT '支付订单号',
  `out_trade_sn` varchar(10) DEFAULT NULL COMMENT '外部交易号',
  `pay_time` int(10) NOT NULL DEFAULT '0' COMMENT '支付时间',
  `pay_message` varchar(255) DEFAULT NULL COMMENT '支付信息',
  `goods_amount` decimal(10,2) NOT NULL DEFAULT '0.00' COMMENT '商品总价',
  `order_amount` decimal(10,2) NOT NULL DEFAULT '0.00' COMMENT '订单总价',
  `finish_time` int(10) NOT NULL DEFAULT '0' COMMENT '订单完成时间',
  `ship_time` int(10) NOT NULL DEFAULT '0' COMMENT '发货时间',
  `discount` decimal(10,2) DEFAULT NULL COMMENT '折扣',
  `postscript` varchar(255) DEFAULT NULL COMMENT '买家附言',
  `invoice_no` varchar(255) DEFAULT NULL COMMENT '发货单号',
  PRIMARY KEY (`order_id`)
) ENGINE=MyISAM AUTO_INCREMENT=13 DEFAULT CHARSET=utf8;

/*Data for the table `sk_orders` */

insert  into `sk_orders`(`shipping_name`,`order_id`,`order_sn`,`buyer_id`,`buyer_name`,`buyer_email`,`status`,`add_time`,`payment_id`,`payment_name`,`payment_code`,`out_trade_sn`,`pay_time`,`pay_message`,`goods_amount`,`order_amount`,`finish_time`,`ship_time`,`discount`,`postscript`,`invoice_no`) values (NULL,1,'2015032900',1,'张三','hoomoo@163.com',0,1427642834,0,'','',NULL,0,NULL,'36.00','36.00',0,0,'0.00','wewewe',NULL),(NULL,2,'2015032900',1,'张三','hoomoo@163.com',0,1427642954,0,'','',NULL,0,NULL,'18.00','18.00',0,0,'0.00','232323',NULL),(NULL,3,'2015032900',1,'张三','hoomoo@163.com',0,1427643103,0,'','',NULL,0,NULL,'12.00','12.00',0,0,'0.00','232322',NULL),(NULL,4,'2015032900',1,'张三','hoomoo@163.com',0,1427643284,0,'','',NULL,0,NULL,'12.00','12.00',0,0,'0.00','sdsdsdsds',NULL),(NULL,5,'2015032900',1,'张三','hoomoo@163.com',0,1427643333,0,'','',NULL,0,NULL,'12.00','12.00',0,0,'0.00','sdsdsds',NULL),(NULL,6,'2015032900',1,'张三','hoomoo@163.com',0,1427643392,0,'','',NULL,0,NULL,'6.00','6.00',0,0,'0.00','232323',NULL),(NULL,7,'2015032900',1,'张三','hoomoo@163.com',0,1427643656,0,'','',NULL,0,NULL,'12.00','12.00',0,0,'0.00','dsdsd',NULL),(NULL,8,'2015032900',1,'张三','hoomoo@163.com',0,1427643694,0,'','',NULL,0,NULL,'12.00','12.00',0,0,'0.00','dsdsd',NULL),(NULL,9,'2015032900',1,'张三','hoomoo@163.com',0,1427643732,0,'','',NULL,0,NULL,'12.00','12.00',0,0,'0.00','23232',NULL),(NULL,10,'2015032900',1,'张三','hoomoo@163.com',0,1427643818,0,'','',NULL,0,NULL,'12.00','12.00',0,0,'0.00','2323',NULL),(NULL,11,'2015032900',1,'张三','hoomoo@163.com',0,1427643852,0,'','',NULL,0,NULL,'12.00','12.00',0,0,'0.00','ewewewe',NULL),(NULL,12,'2015032900',1,'张三','hoomoo@163.com',0,1427643943,0,'','',NULL,0,NULL,'12.00','12.00',0,0,'0.00','wewe',NULL);

/*Table structure for table `sk_payment` */

DROP TABLE IF EXISTS `sk_payment`;

CREATE TABLE `sk_payment` (
  `payment_id` int(10) unsigned NOT NULL,
  `payment_code` varchar(20) NOT NULL,
  `payment_name` varchar(100) NOT NULL,
  `payment_desc` varchar(255) DEFAULT NULL,
  `config` text,
  `is_online` tinyint(3) unsigned DEFAULT NULL,
  `enabled` tinyint(3) unsigned DEFAULT NULL,
  `sort_order` tinyint(3) unsigned DEFAULT NULL,
  PRIMARY KEY (`payment_id`)
) ENGINE=MyISAM DEFAULT CHARSET=utf8;

/*Data for the table `sk_payment` */

/*Table structure for table `sk_region` */

DROP TABLE IF EXISTS `sk_region`;

CREATE TABLE `sk_region` (
  `region_id` smallint(5) unsigned NOT NULL AUTO_INCREMENT,
  `region_parent_id` smallint(5) unsigned NOT NULL DEFAULT '0',
  `region_name` varchar(120) NOT NULL DEFAULT '',
  `region_type` tinyint(1) NOT NULL DEFAULT '2',
  PRIMARY KEY (`region_id`),
  KEY `city_parent_id` (`region_parent_id`),
  KEY `citytype` (`region_type`)
) ENGINE=MyISAM AUTO_INCREMENT=3409 DEFAULT CHARSET=utf8;

/*Data for the table `sk_region` */

insert  into `sk_region`(`region_id`,`region_parent_id`,`region_name`,`region_type`) values (1,0,'中国',0),(2,1,'北京',1),(3,1,'安徽',1),(4,1,'福建',1),(5,1,'甘肃',1),(6,1,'广东',1),(7,1,'广西',1),(8,1,'贵州',1),(9,1,'海南',1),(10,1,'河北',1),(11,1,'河南',1),(12,1,'黑龙江',1),(13,1,'湖北',1),(14,1,'湖南',1),(15,1,'吉林',1),(16,1,'江苏',1),(17,1,'江西',1),(18,1,'辽宁',1),(19,1,'内蒙古',1),(20,1,'宁夏',1),(21,1,'青海',1),(22,1,'山东',1),(23,1,'山西',1),(24,1,'陕西',1),(25,1,'上海',1),(26,1,'四川',1),(27,1,'天津',1),(28,1,'西藏',1),(29,1,'新疆',1),(30,1,'云南',1),(31,1,'浙江',1),(32,1,'重庆',1),(33,1,'香港',1),(34,1,'澳门',1),(35,1,'台湾',1),(36,3,'安庆',2),(37,3,'蚌埠',2),(38,3,'巢湖',2),(39,3,'池州',2),(40,3,'滁州',2),(41,3,'阜阳',2),(42,3,'淮北',2),(43,3,'淮南',2),(44,3,'黄山',2),(45,3,'六安',2),(46,3,'马鞍山',2),(47,3,'宿州',2),(48,3,'铜陵',2),(49,3,'芜湖',2),(50,3,'宣城',2),(51,3,'亳州',2),(52,2,'北京',2),(53,4,'福州',2),(54,4,'龙岩',2),(55,4,'南平',2),(56,4,'宁德',2),(57,4,'莆田',2),(58,4,'泉州',2),(59,4,'三明',2),(60,4,'厦门',2),(61,4,'漳州',2),(62,5,'兰州',2),(63,5,'白银',2),(64,5,'定西',2),(65,5,'甘南',2),(66,5,'嘉峪关',2),(67,5,'金昌',2),(68,5,'酒泉',2),(69,5,'临夏',2),(70,5,'陇南',2),(71,5,'平凉',2),(72,5,'庆阳',2),(73,5,'天水',2),(74,5,'武威',2),(75,5,'张掖',2),(76,6,'广州',2),(77,6,'深圳',2),(78,6,'潮州',2),(79,6,'东莞',2),(80,6,'佛山',2),(81,6,'河源',2),(82,6,'惠州',2),(83,6,'江门',2),(84,6,'揭阳',2),(85,6,'茂名',2),(86,6,'梅州',2),(87,6,'清远',2),(88,6,'汕头',2),(89,6,'汕尾',2),(90,6,'韶关',2),(91,6,'阳江',2),(92,6,'云浮',2),(93,6,'湛江',2),(94,6,'肇庆',2),(95,6,'中山',2),(96,6,'珠海',2),(97,7,'南宁',2),(98,7,'桂林',2),(99,7,'百色',2),(100,7,'北海',2),(101,7,'崇左',2),(102,7,'防城港',2),(103,7,'贵港',2),(104,7,'河池',2),(105,7,'贺州',2),(106,7,'来宾',2),(107,7,'柳州',2),(108,7,'钦州',2),(109,7,'梧州',2),(110,7,'玉林',2),(111,8,'贵阳',2),(112,8,'安顺',2),(113,8,'毕节',2),(114,8,'六盘水',2),(115,8,'黔东南',2),(116,8,'黔南',2),(117,8,'黔西南',2),(118,8,'铜仁',2),(119,8,'遵义',2),(120,9,'海口',2),(121,9,'三亚',2),(122,9,'白沙',2),(123,9,'保亭',2),(124,9,'昌江',2),(125,9,'澄迈县',2),(126,9,'定安县',2),(127,9,'东方',2),(128,9,'乐东',2),(129,9,'临高县',2),(130,9,'陵水',2),(131,9,'琼海',2),(132,9,'琼中',2),(133,9,'屯昌县',2),(134,9,'万宁',2),(135,9,'文昌',2),(136,9,'五指山',2),(137,9,'儋州',2),(138,10,'石家庄',2),(139,10,'保定',2),(140,10,'沧州',2),(141,10,'承德',2),(142,10,'邯郸',2),(143,10,'衡水',2),(144,10,'廊坊',2),(145,10,'秦皇岛',2),(146,10,'唐山',2),(147,10,'邢台',2),(148,10,'张家口',2),(149,11,'郑州',2),(150,11,'洛阳',2),(151,11,'开封',2),(152,11,'安阳',2),(153,11,'鹤壁',2),(154,11,'济源',2),(155,11,'焦作',2),(156,11,'南阳',2),(157,11,'平顶山',2),(158,11,'三门峡',2),(159,11,'商丘',2),(160,11,'新乡',2),(161,11,'信阳',2),(162,11,'许昌',2),(163,11,'周口',2),(164,11,'驻马店',2),(165,11,'漯河',2),(166,11,'濮阳',2),(167,12,'哈尔滨',2),(168,12,'大庆',2),(169,12,'大兴安岭',2),(170,12,'鹤岗',2),(171,12,'黑河',2),(172,12,'鸡西',2),(173,12,'佳木斯',2),(174,12,'牡丹江',2),(175,12,'七台河',2),(176,12,'齐齐哈尔',2),(177,12,'双鸭山',2),(178,12,'绥化',2),(179,12,'伊春',2),(180,13,'武汉',2),(181,13,'仙桃',2),(182,13,'鄂州',2),(183,13,'黄冈',2),(184,13,'黄石',2),(185,13,'荆门',2),(186,13,'荆州',2),(187,13,'潜江',2),(188,13,'神农架林区',2),(189,13,'十堰',2),(190,13,'随州',2),(191,13,'天门',2),(192,13,'咸宁',2),(193,13,'襄樊',2),(194,13,'孝感',2),(195,13,'宜昌',2),(196,13,'恩施',2),(197,14,'长沙',2),(198,14,'张家界',2),(199,14,'常德',2),(200,14,'郴州',2),(201,14,'衡阳',2),(202,14,'怀化',2),(203,14,'娄底',2),(204,14,'邵阳',2),(205,14,'湘潭',2),(206,14,'湘西',2),(207,14,'益阳',2),(208,14,'永州',2),(209,14,'岳阳',2),(210,14,'株洲',2),(211,15,'长春',2),(212,15,'吉林',2),(213,15,'白城',2),(214,15,'白山',2),(215,15,'辽源',2),(216,15,'四平',2),(217,15,'松原',2),(218,15,'通化',2),(219,15,'延边',2),(220,16,'南京',2),(221,16,'苏州',2),(222,16,'无锡',2),(223,16,'常州',2),(224,16,'淮安',2),(225,16,'连云港',2),(226,16,'南通',2),(227,16,'宿迁',2),(228,16,'泰州',2),(229,16,'徐州',2),(230,16,'盐城',2),(231,16,'扬州',2),(232,16,'镇江',2),(233,17,'南昌',2),(234,17,'抚州',2),(235,17,'赣州',2),(236,17,'吉安',2),(237,17,'景德镇',2),(238,17,'九江',2),(239,17,'萍乡',2),(240,17,'上饶',2),(241,17,'新余',2),(242,17,'宜春',2),(243,17,'鹰潭',2),(244,18,'沈阳',2),(245,18,'大连',2),(246,18,'鞍山',2),(247,18,'本溪',2),(248,18,'朝阳',2),(249,18,'丹东',2),(250,18,'抚顺',2),(251,18,'阜新',2),(252,18,'葫芦岛',2),(253,18,'锦州',2),(254,18,'辽阳',2),(255,18,'盘锦',2),(256,18,'铁岭',2),(257,18,'营口',2),(258,19,'呼和浩特',2),(259,19,'阿拉善盟',2),(260,19,'巴彦淖尔盟',2),(261,19,'包头',2),(262,19,'赤峰',2),(263,19,'鄂尔多斯',2),(264,19,'呼伦贝尔',2),(265,19,'通辽',2),(266,19,'乌海',2),(267,19,'乌兰察布市',2),(268,19,'锡林郭勒盟',2),(269,19,'兴安盟',2),(270,20,'银川',2),(271,20,'固原',2),(272,20,'石嘴山',2),(273,20,'吴忠',2),(274,20,'中卫',2),(275,21,'西宁',2),(276,21,'果洛',2),(277,21,'海北',2),(278,21,'海东',2),(279,21,'海南',2),(280,21,'海西',2),(281,21,'黄南',2),(282,21,'玉树',2),(283,22,'济南',2),(284,22,'青岛',2),(285,22,'滨州',2),(286,22,'德州',2),(287,22,'东营',2),(288,22,'菏泽',2),(289,22,'济宁',2),(290,22,'莱芜',2),(291,22,'聊城',2),(292,22,'临沂',2),(293,22,'日照',2),(294,22,'泰安',2),(295,22,'威海',2),(296,22,'潍坊',2),(297,22,'烟台',2),(298,22,'枣庄',2),(299,22,'淄博',2),(300,23,'太原',2),(301,23,'长治',2),(302,23,'大同',2),(303,23,'晋城',2),(304,23,'晋中',2),(305,23,'临汾',2),(306,23,'吕梁',2),(307,23,'朔州',2),(308,23,'忻州',2),(309,23,'阳泉',2),(310,23,'运城',2),(311,24,'西安',2),(312,24,'安康',2),(313,24,'宝鸡',2),(314,24,'汉中',2),(315,24,'商洛',2),(316,24,'铜川',2),(317,24,'渭南',2),(318,24,'咸阳',2),(319,24,'延安',2),(320,24,'榆林',2),(321,25,'上海',2),(322,26,'成都',2),(323,26,'绵阳',2),(324,26,'阿坝',2),(325,26,'巴中',2),(326,26,'达州',2),(327,26,'德阳',2),(328,26,'甘孜',2),(329,26,'广安',2),(330,26,'广元',2),(331,26,'乐山',2),(332,26,'凉山',2),(333,26,'眉山',2),(334,26,'南充',2),(335,26,'内江',2),(336,26,'攀枝花',2),(337,26,'遂宁',2),(338,26,'雅安',2),(339,26,'宜宾',2),(340,26,'资阳',2),(341,26,'自贡',2),(342,26,'泸州',2),(343,27,'天津',2),(344,28,'拉萨',2),(345,28,'阿里',2),(346,28,'昌都',2),(347,28,'林芝',2),(348,28,'那曲',2),(349,28,'日喀则',2),(350,28,'山南',2),(351,29,'乌鲁木齐',2),(352,29,'阿克苏',2),(353,29,'阿拉尔',2),(354,29,'巴音郭楞',2),(355,29,'博尔塔拉',2),(356,29,'昌吉',2),(357,29,'哈密',2),(358,29,'和田',2),(359,29,'喀什',2),(360,29,'克拉玛依',2),(361,29,'克孜勒苏',2),(362,29,'石河子',2),(363,29,'图木舒克',2),(364,29,'吐鲁番',2),(365,29,'五家渠',2),(366,29,'伊犁',2),(367,30,'昆明',2),(368,30,'怒江',2),(369,30,'普洱',2),(370,30,'丽江',2),(371,30,'保山',2),(372,30,'楚雄',2),(373,30,'大理',2),(374,30,'德宏',2),(375,30,'迪庆',2),(376,30,'红河',2),(377,30,'临沧',2),(378,30,'曲靖',2),(379,30,'文山',2),(380,30,'西双版纳',2),(381,30,'玉溪',2),(382,30,'昭通',2),(383,31,'杭州',2),(384,31,'湖州',2),(385,31,'嘉兴',2),(386,31,'金华',2),(387,31,'丽水',2),(388,31,'宁波',2),(389,31,'绍兴',2),(390,31,'台州',2),(391,31,'温州',2),(392,31,'舟山',2),(393,31,'衢州',2),(394,32,'重庆',2),(395,33,'香港',2),(396,34,'澳门',2),(397,35,'台湾',2),(398,36,'迎江区',3),(399,36,'大观区',3),(400,36,'宜秀区',3),(401,36,'桐城市',3),(402,36,'怀宁县',3),(403,36,'枞阳县',3),(404,36,'潜山县',3),(405,36,'太湖县',3),(406,36,'宿松县',3),(407,36,'望江县',3),(408,36,'岳西县',3),(409,37,'中市区',3),(410,37,'东市区',3),(411,37,'西市区',3),(412,37,'郊区',3),(413,37,'怀远县',3),(414,37,'五河县',3),(415,37,'固镇县',3),(416,38,'居巢区',3),(417,38,'庐江县',3),(418,38,'无为县',3),(419,38,'含山县',3),(420,38,'和县',3),(421,39,'贵池区',3),(422,39,'东至县',3),(423,39,'石台县',3),(424,39,'青阳县',3),(425,40,'琅琊区',3),(426,40,'南谯区',3),(427,40,'天长市',3),(428,40,'明光市',3),(429,40,'来安县',3),(430,40,'全椒县',3),(431,40,'定远县',3),(432,40,'凤阳县',3),(433,41,'蚌山区',3),(434,41,'龙子湖区',3),(435,41,'禹会区',3),(436,41,'淮上区',3),(437,41,'颍州区',3),(438,41,'颍东区',3),(439,41,'颍泉区',3),(440,41,'界首市',3),(441,41,'临泉县',3),(442,41,'太和县',3),(443,41,'阜南县',3),(444,41,'颖上县',3),(445,42,'相山区',3),(446,42,'杜集区',3),(447,42,'烈山区',3),(448,42,'濉溪县',3),(449,43,'田家庵区',3),(450,43,'大通区',3),(451,43,'谢家集区',3),(452,43,'八公山区',3),(453,43,'潘集区',3),(454,43,'凤台县',3),(455,44,'屯溪区',3),(456,44,'黄山区',3),(457,44,'徽州区',3),(458,44,'歙县',3),(459,44,'休宁县',3),(460,44,'黟县',3),(461,44,'祁门县',3),(462,45,'金安区',3),(463,45,'裕安区',3),(464,45,'寿县',3),(465,45,'霍邱县',3),(466,45,'舒城县',3),(467,45,'金寨县',3),(468,45,'霍山县',3),(469,46,'雨山区',3),(470,46,'花山区',3),(471,46,'金家庄区',3),(472,46,'当涂县',3),(473,47,'埇桥区',3),(474,47,'砀山县',3),(475,47,'萧县',3),(476,47,'灵璧县',3),(477,47,'泗县',3),(478,48,'铜官山区',3),(479,48,'狮子山区',3),(480,48,'郊区',3),(481,48,'铜陵县',3),(482,49,'镜湖区',3),(483,49,'弋江区',3),(484,49,'鸠江区',3),(485,49,'三山区',3),(486,49,'芜湖县',3),(487,49,'繁昌县',3),(488,49,'南陵县',3),(489,50,'宣州区',3),(490,50,'宁国市',3),(491,50,'郎溪县',3),(492,50,'广德县',3),(493,50,'泾县',3),(494,50,'绩溪县',3),(495,50,'旌德县',3),(496,51,'涡阳县',3),(497,51,'蒙城县',3),(498,51,'利辛县',3),(499,51,'谯城区',3),(500,52,'东城区',3),(501,52,'西城区',3),(502,52,'海淀区',3),(503,52,'朝阳区',3),(504,52,'崇文区',3),(505,52,'宣武区',3),(506,52,'丰台区',3),(507,52,'石景山区',3),(508,52,'房山区',3),(509,52,'门头沟区',3),(510,52,'通州区',3),(511,52,'顺义区',3),(512,52,'昌平区',3),(513,52,'怀柔区',3),(514,52,'平谷区',3),(515,52,'大兴区',3),(516,52,'密云县',3),(517,52,'延庆县',3),(518,53,'鼓楼区',3),(519,53,'台江区',3),(520,53,'仓山区',3),(521,53,'马尾区',3),(522,53,'晋安区',3),(523,53,'福清市',3),(524,53,'长乐市',3),(525,53,'闽侯县',3),(526,53,'连江县',3),(527,53,'罗源县',3),(528,53,'闽清县',3),(529,53,'永泰县',3),(530,53,'平潭县',3),(531,54,'新罗区',3),(532,54,'漳平市',3),(533,54,'长汀县',3),(534,54,'永定县',3),(535,54,'上杭县',3),(536,54,'武平县',3),(537,54,'连城县',3),(538,55,'延平区',3),(539,55,'邵武市',3),(540,55,'武夷山市',3),(541,55,'建瓯市',3),(542,55,'建阳市',3),(543,55,'顺昌县',3),(544,55,'浦城县',3),(545,55,'光泽县',3),(546,55,'松溪县',3),(547,55,'政和县',3),(548,56,'蕉城区',3),(549,56,'福安市',3),(550,56,'福鼎市',3),(551,56,'霞浦县',3),(552,56,'古田县',3),(553,56,'屏南县',3),(554,56,'寿宁县',3),(555,56,'周宁县',3),(556,56,'柘荣县',3),(557,57,'城厢区',3),(558,57,'涵江区',3),(559,57,'荔城区',3),(560,57,'秀屿区',3),(561,57,'仙游县',3),(562,58,'鲤城区',3),(563,58,'丰泽区',3),(564,58,'洛江区',3),(565,58,'清濛开发区',3),(566,58,'泉港区',3),(567,58,'石狮市',3),(568,58,'晋江市',3),(569,58,'南安市',3),(570,58,'惠安县',3),(571,58,'安溪县',3),(572,58,'永春县',3),(573,58,'德化县',3),(574,58,'金门县',3),(575,59,'梅列区',3),(576,59,'三元区',3),(577,59,'永安市',3),(578,59,'明溪县',3),(579,59,'清流县',3),(580,59,'宁化县',3),(581,59,'大田县',3),(582,59,'尤溪县',3),(583,59,'沙县',3),(584,59,'将乐县',3),(585,59,'泰宁县',3),(586,59,'建宁县',3),(587,60,'思明区',3),(588,60,'海沧区',3),(589,60,'湖里区',3),(590,60,'集美区',3),(591,60,'同安区',3),(592,60,'翔安区',3),(593,61,'芗城区',3),(594,61,'龙文区',3),(595,61,'龙海市',3),(596,61,'云霄县',3),(597,61,'漳浦县',3),(598,61,'诏安县',3),(599,61,'长泰县',3),(600,61,'东山县',3),(601,61,'南靖县',3),(602,61,'平和县',3),(603,61,'华安县',3),(604,62,'皋兰县',3),(605,62,'城关区',3),(606,62,'七里河区',3),(607,62,'西固区',3),(608,62,'安宁区',3),(609,62,'红古区',3),(610,62,'永登县',3),(611,62,'榆中县',3),(612,63,'白银区',3),(613,63,'平川区',3),(614,63,'会宁县',3),(615,63,'景泰县',3),(616,63,'靖远县',3),(617,64,'临洮县',3),(618,64,'陇西县',3),(619,64,'通渭县',3),(620,64,'渭源县',3),(621,64,'漳县',3),(622,64,'岷县',3),(623,64,'安定区',3),(624,64,'安定区',3),(625,65,'合作市',3),(626,65,'临潭县',3),(627,65,'卓尼县',3),(628,65,'舟曲县',3),(629,65,'迭部县',3),(630,65,'玛曲县',3),(631,65,'碌曲县',3),(632,65,'夏河县',3),(633,66,'嘉峪关市',3),(634,67,'金川区',3),(635,67,'永昌县',3),(636,68,'肃州区',3),(637,68,'玉门市',3),(638,68,'敦煌市',3),(639,68,'金塔县',3),(640,68,'瓜州县',3),(641,68,'肃北',3),(642,68,'阿克塞',3),(643,69,'临夏市',3),(644,69,'临夏县',3),(645,69,'康乐县',3),(646,69,'永靖县',3),(647,69,'广河县',3),(648,69,'和政县',3),(649,69,'东乡族自治县',3),(650,69,'积石山',3),(651,70,'成县',3),(652,70,'徽县',3),(653,70,'康县',3),(654,70,'礼县',3),(655,70,'两当县',3),(656,70,'文县',3),(657,70,'西和县',3),(658,70,'宕昌县',3),(659,70,'武都区',3),(660,71,'崇信县',3),(661,71,'华亭县',3),(662,71,'静宁县',3),(663,71,'灵台县',3),(664,71,'崆峒区',3),(665,71,'庄浪县',3),(666,71,'泾川县',3),(667,72,'合水县',3),(668,72,'华池县',3),(669,72,'环县',3),(670,72,'宁县',3),(671,72,'庆城县',3),(672,72,'西峰区',3),(673,72,'镇原县',3),(674,72,'正宁县',3),(675,73,'甘谷县',3),(676,73,'秦安县',3),(677,73,'清水县',3),(678,73,'秦州区',3),(679,73,'麦积区',3),(680,73,'武山县',3),(681,73,'张家川',3),(682,74,'古浪县',3),(683,74,'民勤县',3),(684,74,'天祝',3),(685,74,'凉州区',3),(686,75,'高台县',3),(687,75,'临泽县',3),(688,75,'民乐县',3),(689,75,'山丹县',3),(690,75,'肃南',3),(691,75,'甘州区',3),(692,76,'从化市',3),(693,76,'天河区',3),(694,76,'东山区',3),(695,76,'白云区',3),(696,76,'海珠区',3),(697,76,'荔湾区',3),(698,76,'越秀区',3),(699,76,'黄埔区',3),(700,76,'番禺区',3),(701,76,'花都区',3),(702,76,'增城区',3),(703,76,'从化区',3),(704,76,'市郊',3),(705,77,'福田区',3),(706,77,'罗湖区',3),(707,77,'南山区',3),(708,77,'宝安区',3),(709,77,'龙岗区',3),(710,77,'盐田区',3),(711,78,'湘桥区',3),(712,78,'潮安县',3),(713,78,'饶平县',3),(714,79,'南城区',3),(715,79,'东城区',3),(716,79,'万江区',3),(717,79,'莞城区',3),(718,79,'石龙镇',3),(719,79,'虎门镇',3),(720,79,'麻涌镇',3),(721,79,'道滘镇',3),(722,79,'石碣镇',3),(723,79,'沙田镇',3),(724,79,'望牛墩镇',3),(725,79,'洪梅镇',3),(726,79,'茶山镇',3),(727,79,'寮步镇',3),(728,79,'大岭山镇',3),(729,79,'大朗镇',3),(730,79,'黄江镇',3),(731,79,'樟木头',3),(732,79,'凤岗镇',3),(733,79,'塘厦镇',3),(734,79,'谢岗镇',3),(735,79,'厚街镇',3),(736,79,'清溪镇',3),(737,79,'常平镇',3),(738,79,'桥头镇',3),(739,79,'横沥镇',3),(740,79,'东坑镇',3),(741,79,'企石镇',3),(742,79,'石排镇',3),(743,79,'长安镇',3),(744,79,'中堂镇',3),(745,79,'高埗镇',3),(746,80,'禅城区',3),(747,80,'南海区',3),(748,80,'顺德区',3),(749,80,'三水区',3),(750,80,'高明区',3),(751,81,'东源县',3),(752,81,'和平县',3),(753,81,'源城区',3),(754,81,'连平县',3),(755,81,'龙川县',3),(756,81,'紫金县',3),(757,82,'惠阳区',3),(758,82,'惠城区',3),(759,82,'大亚湾',3),(760,82,'博罗县',3),(761,82,'惠东县',3),(762,82,'龙门县',3),(763,83,'江海区',3),(764,83,'蓬江区',3),(765,83,'新会区',3),(766,83,'台山市',3),(767,83,'开平市',3),(768,83,'鹤山市',3),(769,83,'恩平市',3),(770,84,'榕城区',3),(771,84,'普宁市',3),(772,84,'揭东县',3),(773,84,'揭西县',3),(774,84,'惠来县',3),(775,85,'茂南区',3),(776,85,'茂港区',3),(777,85,'高州市',3),(778,85,'化州市',3),(779,85,'信宜市',3),(780,85,'电白县',3),(781,86,'梅县',3),(782,86,'梅江区',3),(783,86,'兴宁市',3),(784,86,'大埔县',3),(785,86,'丰顺县',3),(786,86,'五华县',3),(787,86,'平远县',3),(788,86,'蕉岭县',3),(789,87,'清城区',3),(790,87,'英德市',3),(791,87,'连州市',3),(792,87,'佛冈县',3),(793,87,'阳山县',3),(794,87,'清新县',3),(795,87,'连山',3),(796,87,'连南',3),(797,88,'南澳县',3),(798,88,'潮阳区',3),(799,88,'澄海区',3),(800,88,'龙湖区',3),(801,88,'金平区',3),(802,88,'濠江区',3),(803,88,'潮南区',3),(804,89,'城区',3),(805,89,'陆丰市',3),(806,89,'海丰县',3),(807,89,'陆河县',3),(808,90,'曲江县',3),(809,90,'浈江区',3),(810,90,'武江区',3),(811,90,'曲江区',3),(812,90,'乐昌市',3),(813,90,'南雄市',3),(814,90,'始兴县',3),(815,90,'仁化县',3),(816,90,'翁源县',3),(817,90,'新丰县',3),(818,90,'乳源',3),(819,91,'江城区',3),(820,91,'阳春市',3),(821,91,'阳西县',3),(822,91,'阳东县',3),(823,92,'云城区',3),(824,92,'罗定市',3),(825,92,'新兴县',3),(826,92,'郁南县',3),(827,92,'云安县',3),(828,93,'赤坎区',3),(829,93,'霞山区',3),(830,93,'坡头区',3),(831,93,'麻章区',3),(832,93,'廉江市',3),(833,93,'雷州市',3),(834,93,'吴川市',3),(835,93,'遂溪县',3),(836,93,'徐闻县',3),(837,94,'肇庆市',3),(838,94,'高要市',3),(839,94,'四会市',3),(840,94,'广宁县',3),(841,94,'怀集县',3),(842,94,'封开县',3),(843,94,'德庆县',3),(844,95,'石岐街道',3),(845,95,'东区街道',3),(846,95,'西区街道',3),(847,95,'环城街道',3),(848,95,'中山港街道',3),(849,95,'五桂山街道',3),(850,96,'香洲区',3),(851,96,'斗门区',3),(852,96,'金湾区',3),(853,97,'邕宁区',3),(854,97,'青秀区',3),(855,97,'兴宁区',3),(856,97,'良庆区',3),(857,97,'西乡塘区',3),(858,97,'江南区',3),(859,97,'武鸣县',3),(860,97,'隆安县',3),(861,97,'马山县',3),(862,97,'上林县',3),(863,97,'宾阳县',3),(864,97,'横县',3),(865,98,'秀峰区',3),(866,98,'叠彩区',3),(867,98,'象山区',3),(868,98,'七星区',3),(869,98,'雁山区',3),(870,98,'阳朔县',3),(871,98,'临桂县',3),(872,98,'灵川县',3),(873,98,'全州县',3),(874,98,'平乐县',3),(875,98,'兴安县',3),(876,98,'灌阳县',3),(877,98,'荔浦县',3),(878,98,'资源县',3),(879,98,'永福县',3),(880,98,'龙胜',3),(881,98,'恭城',3),(882,99,'右江区',3),(883,99,'凌云县',3),(884,99,'平果县',3),(885,99,'西林县',3),(886,99,'乐业县',3),(887,99,'德保县',3),(888,99,'田林县',3),(889,99,'田阳县',3),(890,99,'靖西县',3),(891,99,'田东县',3),(892,99,'那坡县',3),(893,99,'隆林',3),(894,100,'海城区',3),(895,100,'银海区',3),(896,100,'铁山港区',3),(897,100,'合浦县',3),(898,101,'江州区',3),(899,101,'凭祥市',3),(900,101,'宁明县',3),(901,101,'扶绥县',3),(902,101,'龙州县',3),(903,101,'大新县',3),(904,101,'天等县',3),(905,102,'港口区',3),(906,102,'防城区',3),(907,102,'东兴市',3),(908,102,'上思县',3),(909,103,'港北区',3),(910,103,'港南区',3),(911,103,'覃塘区',3),(912,103,'桂平市',3),(913,103,'平南县',3),(914,104,'金城江区',3),(915,104,'宜州市',3),(916,104,'天峨县',3),(917,104,'凤山县',3),(918,104,'南丹县',3),(919,104,'东兰县',3),(920,104,'都安',3),(921,104,'罗城',3),(922,104,'巴马',3),(923,104,'环江',3),(924,104,'大化',3),(925,105,'八步区',3),(926,105,'钟山县',3),(927,105,'昭平县',3),(928,105,'富川',3),(929,106,'兴宾区',3),(930,106,'合山市',3),(931,106,'象州县',3),(932,106,'武宣县',3),(933,106,'忻城县',3),(934,106,'金秀',3),(935,107,'城中区',3),(936,107,'鱼峰区',3),(937,107,'柳北区',3),(938,107,'柳南区',3),(939,107,'柳江县',3),(940,107,'柳城县',3),(941,107,'鹿寨县',3),(942,107,'融安县',3),(943,107,'融水',3),(944,107,'三江',3),(945,108,'钦南区',3),(946,108,'钦北区',3),(947,108,'灵山县',3),(948,108,'浦北县',3),(949,109,'万秀区',3),(950,109,'蝶山区',3),(951,109,'长洲区',3),(952,109,'岑溪市',3),(953,109,'苍梧县',3),(954,109,'藤县',3),(955,109,'蒙山县',3),(956,110,'玉州区',3),(957,110,'北流市',3),(958,110,'容县',3),(959,110,'陆川县',3),(960,110,'博白县',3),(961,110,'兴业县',3),(962,111,'南明区',3),(963,111,'云岩区',3),(964,111,'花溪区',3),(965,111,'乌当区',3),(966,111,'白云区',3),(967,111,'小河区',3),(968,111,'金阳新区',3),(969,111,'新天园区',3),(970,111,'清镇市',3),(971,111,'开阳县',3),(972,111,'修文县',3),(973,111,'息烽县',3),(974,112,'西秀区',3),(975,112,'关岭',3),(976,112,'镇宁',3),(977,112,'紫云',3),(978,112,'平坝县',3),(979,112,'普定县',3),(980,113,'毕节市',3),(981,113,'大方县',3),(982,113,'黔西县',3),(983,113,'金沙县',3),(984,113,'织金县',3),(985,113,'纳雍县',3),(986,113,'赫章县',3),(987,113,'威宁',3),(988,114,'钟山区',3),(989,114,'六枝特区',3),(990,114,'水城县',3),(991,114,'盘县',3),(992,115,'凯里市',3),(993,115,'黄平县',3),(994,115,'施秉县',3),(995,115,'三穗县',3),(996,115,'镇远县',3),(997,115,'岑巩县',3),(998,115,'天柱县',3),(999,115,'锦屏县',3),(1000,115,'剑河县',3),(1001,115,'台江县',3),(1002,115,'黎平县',3),(1003,115,'榕江县',3),(1004,115,'从江县',3),(1005,115,'雷山县',3),(1006,115,'麻江县',3),(1007,115,'丹寨县',3),(1008,116,'都匀市',3),(1009,116,'福泉市',3),(1010,116,'荔波县',3),(1011,116,'贵定县',3),(1012,116,'瓮安县',3),(1013,116,'独山县',3),(1014,116,'平塘县',3),(1015,116,'罗甸县',3),(1016,116,'长顺县',3),(1017,116,'龙里县',3),(1018,116,'惠水县',3),(1019,116,'三都',3),(1020,117,'兴义市',3),(1021,117,'兴仁县',3),(1022,117,'普安县',3),(1023,117,'晴隆县',3),(1024,117,'贞丰县',3),(1025,117,'望谟县',3),(1026,117,'册亨县',3),(1027,117,'安龙县',3),(1028,118,'铜仁市',3),(1029,118,'江口县',3),(1030,118,'石阡县',3),(1031,118,'思南县',3),(1032,118,'德江县',3),(1033,118,'玉屏',3),(1034,118,'印江',3),(1035,118,'沿河',3),(1036,118,'松桃',3),(1037,118,'万山特区',3),(1038,119,'红花岗区',3),(1039,119,'务川县',3),(1040,119,'道真县',3),(1041,119,'汇川区',3),(1042,119,'赤水市',3),(1043,119,'仁怀市',3),(1044,119,'遵义县',3),(1045,119,'桐梓县',3),(1046,119,'绥阳县',3),(1047,119,'正安县',3),(1048,119,'凤冈县',3),(1049,119,'湄潭县',3),(1050,119,'余庆县',3),(1051,119,'习水县',3),(1052,119,'道真',3),(1053,119,'务川',3),(1054,120,'秀英区',3),(1055,120,'龙华区',3),(1056,120,'琼山区',3),(1057,120,'美兰区',3),(1058,137,'市区',3),(1059,137,'洋浦开发区',3),(1060,137,'那大镇',3),(1061,137,'王五镇',3),(1062,137,'雅星镇',3),(1063,137,'大成镇',3),(1064,137,'中和镇',3),(1065,137,'峨蔓镇',3),(1066,137,'南丰镇',3),(1067,137,'白马井镇',3),(1068,137,'兰洋镇',3),(1069,137,'和庆镇',3),(1070,137,'海头镇',3),(1071,137,'排浦镇',3),(1072,137,'东成镇',3),(1073,137,'光村镇',3),(1074,137,'木棠镇',3),(1075,137,'新州镇',3),(1076,137,'三都镇',3),(1077,137,'其他',3),(1078,138,'长安区',3),(1079,138,'桥东区',3),(1080,138,'桥西区',3),(1081,138,'新华区',3),(1082,138,'裕华区',3),(1083,138,'井陉矿区',3),(1084,138,'高新区',3),(1085,138,'辛集市',3),(1086,138,'藁城市',3),(1087,138,'晋州市',3),(1088,138,'新乐市',3),(1089,138,'鹿泉市',3),(1090,138,'井陉县',3),(1091,138,'正定县',3),(1092,138,'栾城县',3),(1093,138,'行唐县',3),(1094,138,'灵寿县',3),(1095,138,'高邑县',3),(1096,138,'深泽县',3),(1097,138,'赞皇县',3),(1098,138,'无极县',3),(1099,138,'平山县',3),(1100,138,'元氏县',3),(1101,138,'赵县',3),(1102,139,'新市区',3),(1103,139,'南市区',3),(1104,139,'北市区',3),(1105,139,'涿州市',3),(1106,139,'定州市',3),(1107,139,'安国市',3),(1108,139,'高碑店市',3),(1109,139,'满城县',3),(1110,139,'清苑县',3),(1111,139,'涞水县',3),(1112,139,'阜平县',3),(1113,139,'徐水县',3),(1114,139,'定兴县',3),(1115,139,'唐县',3),(1116,139,'高阳县',3),(1117,139,'容城县',3),(1118,139,'涞源县',3),(1119,139,'望都县',3),(1120,139,'安新县',3),(1121,139,'易县',3),(1122,139,'曲阳县',3),(1123,139,'蠡县',3),(1124,139,'顺平县',3),(1125,139,'博野县',3),(1126,139,'雄县',3),(1127,140,'运河区',3),(1128,140,'新华区',3),(1129,140,'泊头市',3),(1130,140,'任丘市',3),(1131,140,'黄骅市',3),(1132,140,'河间市',3),(1133,140,'沧县',3),(1134,140,'青县',3),(1135,140,'东光县',3),(1136,140,'海兴县',3),(1137,140,'盐山县',3),(1138,140,'肃宁县',3),(1139,140,'南皮县',3),(1140,140,'吴桥县',3),(1141,140,'献县',3),(1142,140,'孟村',3),(1143,141,'双桥区',3),(1144,141,'双滦区',3),(1145,141,'鹰手营子矿区',3),(1146,141,'承德县',3),(1147,141,'兴隆县',3),(1148,141,'平泉县',3),(1149,141,'滦平县',3),(1150,141,'隆化县',3),(1151,141,'丰宁',3),(1152,141,'宽城',3),(1153,141,'围场',3),(1154,142,'从台区',3),(1155,142,'复兴区',3),(1156,142,'邯山区',3),(1157,142,'峰峰矿区',3),(1158,142,'武安市',3),(1159,142,'邯郸县',3),(1160,142,'临漳县',3),(1161,142,'成安县',3),(1162,142,'大名县',3),(1163,142,'涉县',3),(1164,142,'磁县',3),(1165,142,'肥乡县',3),(1166,142,'永年县',3),(1167,142,'邱县',3),(1168,142,'鸡泽县',3),(1169,142,'广平县',3),(1170,142,'馆陶县',3),(1171,142,'魏县',3),(1172,142,'曲周县',3),(1173,143,'桃城区',3),(1174,143,'冀州市',3),(1175,143,'深州市',3),(1176,143,'枣强县',3),(1177,143,'武邑县',3),(1178,143,'武强县',3),(1179,143,'饶阳县',3),(1180,143,'安平县',3),(1181,143,'故城县',3),(1182,143,'景县',3),(1183,143,'阜城县',3),(1184,144,'安次区',3),(1185,144,'广阳区',3),(1186,144,'霸州市',3),(1187,144,'三河市',3),(1188,144,'固安县',3),(1189,144,'永清县',3),(1190,144,'香河县',3),(1191,144,'大城县',3),(1192,144,'文安县',3),(1193,144,'大厂',3),(1194,145,'海港区',3),(1195,145,'山海关区',3),(1196,145,'北戴河区',3),(1197,145,'昌黎县',3),(1198,145,'抚宁县',3),(1199,145,'卢龙县',3),(1200,145,'青龙',3),(1201,146,'路北区',3),(1202,146,'路南区',3),(1203,146,'古冶区',3),(1204,146,'开平区',3),(1205,146,'丰南区',3),(1206,146,'丰润区',3),(1207,146,'遵化市',3),(1208,146,'迁安市',3),(1209,146,'滦县',3),(1210,146,'滦南县',3),(1211,146,'乐亭县',3),(1212,146,'迁西县',3),(1213,146,'玉田县',3),(1214,146,'唐海县',3),(1215,147,'桥东区',3),(1216,147,'桥西区',3),(1217,147,'南宫市',3),(1218,147,'沙河市',3),(1219,147,'邢台县',3),(1220,147,'临城县',3),(1221,147,'内丘县',3),(1222,147,'柏乡县',3),(1223,147,'隆尧县',3),(1224,147,'任县',3),(1225,147,'南和县',3),(1226,147,'宁晋县',3),(1227,147,'巨鹿县',3),(1228,147,'新河县',3),(1229,147,'广宗县',3),(1230,147,'平乡县',3),(1231,147,'威县',3),(1232,147,'清河县',3),(1233,147,'临西县',3),(1234,148,'桥西区',3),(1235,148,'桥东区',3),(1236,148,'宣化区',3),(1237,148,'下花园区',3),(1238,148,'宣化县',3),(1239,148,'张北县',3),(1240,148,'康保县',3),(1241,148,'沽源县',3),(1242,148,'尚义县',3),(1243,148,'蔚县',3),(1244,148,'阳原县',3),(1245,148,'怀安县',3),(1246,148,'万全县',3),(1247,148,'怀来县',3),(1248,148,'涿鹿县',3),(1249,148,'赤城县',3),(1250,148,'崇礼县',3),(1251,149,'金水区',3),(1252,149,'邙山区',3),(1253,149,'二七区',3),(1254,149,'管城区',3),(1255,149,'中原区',3),(1256,149,'上街区',3),(1257,149,'惠济区',3),(1258,149,'郑东新区',3),(1259,149,'经济技术开发区',3),(1260,149,'高新开发区',3),(1261,149,'出口加工区',3),(1262,149,'巩义市',3),(1263,149,'荥阳市',3),(1264,149,'新密市',3),(1265,149,'新郑市',3),(1266,149,'登封市',3),(1267,149,'中牟县',3),(1268,150,'西工区',3),(1269,150,'老城区',3),(1270,150,'涧西区',3),(1271,150,'瀍河回族区',3),(1272,150,'洛龙区',3),(1273,150,'吉利区',3),(1274,150,'偃师市',3),(1275,150,'孟津县',3),(1276,150,'新安县',3),(1277,150,'栾川县',3),(1278,150,'嵩县',3),(1279,150,'汝阳县',3),(1280,150,'宜阳县',3),(1281,150,'洛宁县',3),(1282,150,'伊川县',3),(1283,151,'鼓楼区',3),(1284,151,'龙亭区',3),(1285,151,'顺河回族区',3),(1286,151,'金明区',3),(1287,151,'禹王台区',3),(1288,151,'杞县',3),(1289,151,'通许县',3),(1290,151,'尉氏县',3),(1291,151,'开封县',3),(1292,151,'兰考县',3),(1293,152,'北关区',3),(1294,152,'文峰区',3),(1295,152,'殷都区',3),(1296,152,'龙安区',3),(1297,152,'林州市',3),(1298,152,'安阳县',3),(1299,152,'汤阴县',3),(1300,152,'滑县',3),(1301,152,'内黄县',3),(1302,153,'淇滨区',3),(1303,153,'山城区',3),(1304,153,'鹤山区',3),(1305,153,'浚县',3),(1306,153,'淇县',3),(1307,154,'济源市',3),(1308,155,'解放区',3),(1309,155,'中站区',3),(1310,155,'马村区',3),(1311,155,'山阳区',3),(1312,155,'沁阳市',3),(1313,155,'孟州市',3),(1314,155,'修武县',3),(1315,155,'博爱县',3),(1316,155,'武陟县',3),(1317,155,'温县',3),(1318,156,'卧龙区',3),(1319,156,'宛城区',3),(1320,156,'邓州市',3),(1321,156,'南召县',3),(1322,156,'方城县',3),(1323,156,'西峡县',3),(1324,156,'镇平县',3),(1325,156,'内乡县',3),(1326,156,'淅川县',3),(1327,156,'社旗县',3),(1328,156,'唐河县',3),(1329,156,'新野县',3),(1330,156,'桐柏县',3),(1331,157,'新华区',3),(1332,157,'卫东区',3),(1333,157,'湛河区',3),(1334,157,'石龙区',3),(1335,157,'舞钢市',3),(1336,157,'汝州市',3),(1337,157,'宝丰县',3),(1338,157,'叶县',3),(1339,157,'鲁山县',3),(1340,157,'郏县',3),(1341,158,'湖滨区',3),(1342,158,'义马市',3),(1343,158,'灵宝市',3),(1344,158,'渑池县',3),(1345,158,'陕县',3),(1346,158,'卢氏县',3),(1347,159,'梁园区',3),(1348,159,'睢阳区',3),(1349,159,'永城市',3),(1350,159,'民权县',3),(1351,159,'睢县',3),(1352,159,'宁陵县',3),(1353,159,'虞城县',3),(1354,159,'柘城县',3),(1355,159,'夏邑县',3),(1356,160,'卫滨区',3),(1357,160,'红旗区',3),(1358,160,'凤泉区',3),(1359,160,'牧野区',3),(1360,160,'卫辉市',3),(1361,160,'辉县市',3),(1362,160,'新乡县',3),(1363,160,'获嘉县',3),(1364,160,'原阳县',3),(1365,160,'延津县',3),(1366,160,'封丘县',3),(1367,160,'长垣县',3),(1368,161,'浉河区',3),(1369,161,'平桥区',3),(1370,161,'罗山县',3),(1371,161,'光山县',3),(1372,161,'新县',3),(1373,161,'商城县',3),(1374,161,'固始县',3),(1375,161,'潢川县',3),(1376,161,'淮滨县',3),(1377,161,'息县',3),(1378,162,'魏都区',3),(1379,162,'禹州市',3),(1380,162,'长葛市',3),(1381,162,'许昌县',3),(1382,162,'鄢陵县',3),(1383,162,'襄城县',3),(1384,163,'川汇区',3),(1385,163,'项城市',3),(1386,163,'扶沟县',3),(1387,163,'西华县',3),(1388,163,'商水县',3),(1389,163,'沈丘县',3),(1390,163,'郸城县',3),(1391,163,'淮阳县',3),(1392,163,'太康县',3),(1393,163,'鹿邑县',3),(1394,164,'驿城区',3),(1395,164,'西平县',3),(1396,164,'上蔡县',3),(1397,164,'平舆县',3),(1398,164,'正阳县',3),(1399,164,'确山县',3),(1400,164,'泌阳县',3),(1401,164,'汝南县',3),(1402,164,'遂平县',3),(1403,164,'新蔡县',3),(1404,165,'郾城区',3),(1405,165,'源汇区',3),(1406,165,'召陵区',3),(1407,165,'舞阳县',3),(1408,165,'临颍县',3),(1409,166,'华龙区',3),(1410,166,'清丰县',3),(1411,166,'南乐县',3),(1412,166,'范县',3),(1413,166,'台前县',3),(1414,166,'濮阳县',3),(1415,167,'道里区',3),(1416,167,'南岗区',3),(1417,167,'动力区',3),(1418,167,'平房区',3),(1419,167,'香坊区',3),(1420,167,'太平区',3),(1421,167,'道外区',3),(1422,167,'阿城区',3),(1423,167,'呼兰区',3),(1424,167,'松北区',3),(1425,167,'尚志市',3),(1426,167,'双城市',3),(1427,167,'五常市',3),(1428,167,'方正县',3),(1429,167,'宾县',3),(1430,167,'依兰县',3),(1431,167,'巴彦县',3),(1432,167,'通河县',3),(1433,167,'木兰县',3),(1434,167,'延寿县',3),(1435,168,'萨尔图区',3),(1436,168,'红岗区',3),(1437,168,'龙凤区',3),(1438,168,'让胡路区',3),(1439,168,'大同区',3),(1440,168,'肇州县',3),(1441,168,'肇源县',3),(1442,168,'林甸县',3),(1443,168,'杜尔伯特',3),(1444,169,'呼玛县',3),(1445,169,'漠河县',3),(1446,169,'塔河县',3),(1447,170,'兴山区',3),(1448,170,'工农区',3),(1449,170,'南山区',3),(1450,170,'兴安区',3),(1451,170,'向阳区',3),(1452,170,'东山区',3),(1453,170,'萝北县',3),(1454,170,'绥滨县',3),(1455,171,'爱辉区',3),(1456,171,'五大连池市',3),(1457,171,'北安市',3),(1458,171,'嫩江县',3),(1459,171,'逊克县',3),(1460,171,'孙吴县',3),(1461,172,'鸡冠区',3),(1462,172,'恒山区',3),(1463,172,'城子河区',3),(1464,172,'滴道区',3),(1465,172,'梨树区',3),(1466,172,'虎林市',3),(1467,172,'密山市',3),(1468,172,'鸡东县',3),(1469,173,'前进区',3),(1470,173,'郊区',3),(1471,173,'向阳区',3),(1472,173,'东风区',3),(1473,173,'同江市',3),(1474,173,'富锦市',3),(1475,173,'桦南县',3),(1476,173,'桦川县',3),(1477,173,'汤原县',3),(1478,173,'抚远县',3),(1479,174,'爱民区',3),(1480,174,'东安区',3),(1481,174,'阳明区',3),(1482,174,'西安区',3),(1483,174,'绥芬河市',3),(1484,174,'海林市',3),(1485,174,'宁安市',3),(1486,174,'穆棱市',3),(1487,174,'东宁县',3),(1488,174,'林口县',3),(1489,175,'桃山区',3),(1490,175,'新兴区',3),(1491,175,'茄子河区',3),(1492,175,'勃利县',3),(1493,176,'龙沙区',3),(1494,176,'昂昂溪区',3),(1495,176,'铁峰区',3),(1496,176,'建华区',3),(1497,176,'富拉尔基区',3),(1498,176,'碾子山区',3),(1499,176,'梅里斯达斡尔区',3),(1500,176,'讷河市',3),(1501,176,'龙江县',3),(1502,176,'依安县',3),(1503,176,'泰来县',3),(1504,176,'甘南县',3),(1505,176,'富裕县',3),(1506,176,'克山县',3),(1507,176,'克东县',3),(1508,176,'拜泉县',3),(1509,177,'尖山区',3),(1510,177,'岭东区',3),(1511,177,'四方台区',3),(1512,177,'宝山区',3),(1513,177,'集贤县',3),(1514,177,'友谊县',3),(1515,177,'宝清县',3),(1516,177,'饶河县',3),(1517,178,'北林区',3),(1518,178,'安达市',3),(1519,178,'肇东市',3),(1520,178,'海伦市',3),(1521,178,'望奎县',3),(1522,178,'兰西县',3),(1523,178,'青冈县',3),(1524,178,'庆安县',3),(1525,178,'明水县',3),(1526,178,'绥棱县',3),(1527,179,'伊春区',3),(1528,179,'带岭区',3),(1529,179,'南岔区',3),(1530,179,'金山屯区',3),(1531,179,'西林区',3),(1532,179,'美溪区',3),(1533,179,'乌马河区',3),(1534,179,'翠峦区',3),(1535,179,'友好区',3),(1536,179,'上甘岭区',3),(1537,179,'五营区',3),(1538,179,'红星区',3),(1539,179,'新青区',3),(1540,179,'汤旺河区',3),(1541,179,'乌伊岭区',3),(1542,179,'铁力市',3),(1543,179,'嘉荫县',3),(1544,180,'江岸区',3),(1545,180,'武昌区',3),(1546,180,'江汉区',3),(1547,180,'硚口区',3),(1548,180,'汉阳区',3),(1549,180,'青山区',3),(1550,180,'洪山区',3),(1551,180,'东西湖区',3),(1552,180,'汉南区',3),(1553,180,'蔡甸区',3),(1554,180,'江夏区',3),(1555,180,'黄陂区',3),(1556,180,'新洲区',3),(1557,180,'经济开发区',3),(1558,181,'仙桃市',3),(1559,182,'鄂城区',3),(1560,182,'华容区',3),(1561,182,'梁子湖区',3),(1562,183,'黄州区',3),(1563,183,'麻城市',3),(1564,183,'武穴市',3),(1565,183,'团风县',3),(1566,183,'红安县',3),(1567,183,'罗田县',3),(1568,183,'英山县',3),(1569,183,'浠水县',3),(1570,183,'蕲春县',3),(1571,183,'黄梅县',3),(1572,184,'黄石港区',3),(1573,184,'西塞山区',3),(1574,184,'下陆区',3),(1575,184,'铁山区',3),(1576,184,'大冶市',3),(1577,184,'阳新县',3),(1578,185,'东宝区',3),(1579,185,'掇刀区',3),(1580,185,'钟祥市',3),(1581,185,'京山县',3),(1582,185,'沙洋县',3),(1583,186,'沙市区',3),(1584,186,'荆州区',3),(1585,186,'石首市',3),(1586,186,'洪湖市',3),(1587,186,'松滋市',3),(1588,186,'公安县',3),(1589,186,'监利县',3),(1590,186,'江陵县',3),(1591,187,'潜江市',3),(1592,188,'神农架林区',3),(1593,189,'张湾区',3),(1594,189,'茅箭区',3),(1595,189,'丹江口市',3),(1596,189,'郧县',3),(1597,189,'郧西县',3),(1598,189,'竹山县',3),(1599,189,'竹溪县',3),(1600,189,'房县',3),(1601,190,'曾都区',3),(1602,190,'广水市',3),(1603,191,'天门市',3),(1604,192,'咸安区',3),(1605,192,'赤壁市',3),(1606,192,'嘉鱼县',3),(1607,192,'通城县',3),(1608,192,'崇阳县',3),(1609,192,'通山县',3),(1610,193,'襄城区',3),(1611,193,'樊城区',3),(1612,193,'襄阳区',3),(1613,193,'老河口市',3),(1614,193,'枣阳市',3),(1615,193,'宜城市',3),(1616,193,'南漳县',3),(1617,193,'谷城县',3),(1618,193,'保康县',3),(1619,194,'孝南区',3),(1620,194,'应城市',3),(1621,194,'安陆市',3),(1622,194,'汉川市',3),(1623,194,'孝昌县',3),(1624,194,'大悟县',3),(1625,194,'云梦县',3),(1626,195,'长阳',3),(1627,195,'五峰',3),(1628,195,'西陵区',3),(1629,195,'伍家岗区',3),(1630,195,'点军区',3),(1631,195,'猇亭区',3),(1632,195,'夷陵区',3),(1633,195,'宜都市',3),(1634,195,'当阳市',3),(1635,195,'枝江市',3),(1636,195,'远安县',3),(1637,195,'兴山县',3),(1638,195,'秭归县',3),(1639,196,'恩施市',3),(1640,196,'利川市',3),(1641,196,'建始县',3),(1642,196,'巴东县',3),(1643,196,'宣恩县',3),(1644,196,'咸丰县',3),(1645,196,'来凤县',3),(1646,196,'鹤峰县',3),(1647,197,'岳麓区',3),(1648,197,'芙蓉区',3),(1649,197,'天心区',3),(1650,197,'开福区',3),(1651,197,'雨花区',3),(1652,197,'开发区',3),(1653,197,'浏阳市',3),(1654,197,'长沙县',3),(1655,197,'望城县',3),(1656,197,'宁乡县',3),(1657,198,'永定区',3),(1658,198,'武陵源区',3),(1659,198,'慈利县',3),(1660,198,'桑植县',3),(1661,199,'武陵区',3),(1662,199,'鼎城区',3),(1663,199,'津市市',3),(1664,199,'安乡县',3),(1665,199,'汉寿县',3),(1666,199,'澧县',3),(1667,199,'临澧县',3),(1668,199,'桃源县',3),(1669,199,'石门县',3),(1670,200,'北湖区',3),(1671,200,'苏仙区',3),(1672,200,'资兴市',3),(1673,200,'桂阳县',3),(1674,200,'宜章县',3),(1675,200,'永兴县',3),(1676,200,'嘉禾县',3),(1677,200,'临武县',3),(1678,200,'汝城县',3),(1679,200,'桂东县',3),(1680,200,'安仁县',3),(1681,201,'雁峰区',3),(1682,201,'珠晖区',3),(1683,201,'石鼓区',3),(1684,201,'蒸湘区',3),(1685,201,'南岳区',3),(1686,201,'耒阳市',3),(1687,201,'常宁市',3),(1688,201,'衡阳县',3),(1689,201,'衡南县',3),(1690,201,'衡山县',3),(1691,201,'衡东县',3),(1692,201,'祁东县',3),(1693,202,'鹤城区',3),(1694,202,'靖州',3),(1695,202,'麻阳',3),(1696,202,'通道',3),(1697,202,'新晃',3),(1698,202,'芷江',3),(1699,202,'沅陵县',3),(1700,202,'辰溪县',3),(1701,202,'溆浦县',3),(1702,202,'中方县',3),(1703,202,'会同县',3),(1704,202,'洪江市',3),(1705,203,'娄星区',3),(1706,203,'冷水江市',3),(1707,203,'涟源市',3),(1708,203,'双峰县',3),(1709,203,'新化县',3),(1710,204,'城步',3),(1711,204,'双清区',3),(1712,204,'大祥区',3),(1713,204,'北塔区',3),(1714,204,'武冈市',3),(1715,204,'邵东县',3),(1716,204,'新邵县',3),(1717,204,'邵阳县',3),(1718,204,'隆回县',3),(1719,204,'洞口县',3),(1720,204,'绥宁县',3),(1721,204,'新宁县',3),(1722,205,'岳塘区',3),(1723,205,'雨湖区',3),(1724,205,'湘乡市',3),(1725,205,'韶山市',3),(1726,205,'湘潭县',3),(1727,206,'吉首市',3),(1728,206,'泸溪县',3),(1729,206,'凤凰县',3),(1730,206,'花垣县',3),(1731,206,'保靖县',3),(1732,206,'古丈县',3),(1733,206,'永顺县',3),(1734,206,'龙山县',3),(1735,207,'赫山区',3),(1736,207,'资阳区',3),(1737,207,'沅江市',3),(1738,207,'南县',3),(1739,207,'桃江县',3),(1740,207,'安化县',3),(1741,208,'江华',3),(1742,208,'冷水滩区',3),(1743,208,'零陵区',3),(1744,208,'祁阳县',3),(1745,208,'东安县',3),(1746,208,'双牌县',3),(1747,208,'道县',3),(1748,208,'江永县',3),(1749,208,'宁远县',3),(1750,208,'蓝山县',3),(1751,208,'新田县',3),(1752,209,'岳阳楼区',3),(1753,209,'君山区',3),(1754,209,'云溪区',3),(1755,209,'汨罗市',3),(1756,209,'临湘市',3),(1757,209,'岳阳县',3),(1758,209,'华容县',3),(1759,209,'湘阴县',3),(1760,209,'平江县',3),(1761,210,'天元区',3),(1762,210,'荷塘区',3),(1763,210,'芦淞区',3),(1764,210,'石峰区',3),(1765,210,'醴陵市',3),(1766,210,'株洲县',3),(1767,210,'攸县',3),(1768,210,'茶陵县',3),(1769,210,'炎陵县',3),(1770,211,'朝阳区',3),(1771,211,'宽城区',3),(1772,211,'二道区',3),(1773,211,'南关区',3),(1774,211,'绿园区',3),(1775,211,'双阳区',3),(1776,211,'净月潭开发区',3),(1777,211,'高新技术开发区',3),(1778,211,'经济技术开发区',3),(1779,211,'汽车产业开发区',3),(1780,211,'德惠市',3),(1781,211,'九台市',3),(1782,211,'榆树市',3),(1783,211,'农安县',3),(1784,212,'船营区',3),(1785,212,'昌邑区',3),(1786,212,'龙潭区',3),(1787,212,'丰满区',3),(1788,212,'蛟河市',3),(1789,212,'桦甸市',3),(1790,212,'舒兰市',3),(1791,212,'磐石市',3),(1792,212,'永吉县',3),(1793,213,'洮北区',3),(1794,213,'洮南市',3),(1795,213,'大安市',3),(1796,213,'镇赉县',3),(1797,213,'通榆县',3),(1798,214,'江源区',3),(1799,214,'八道江区',3),(1800,214,'长白',3),(1801,214,'临江市',3),(1802,214,'抚松县',3),(1803,214,'靖宇县',3),(1804,215,'龙山区',3),(1805,215,'西安区',3),(1806,215,'东丰县',3),(1807,215,'东辽县',3),(1808,216,'铁西区',3),(1809,216,'铁东区',3),(1810,216,'伊通',3),(1811,216,'公主岭市',3),(1812,216,'双辽市',3),(1813,216,'梨树县',3),(1814,217,'前郭尔罗斯',3),(1815,217,'宁江区',3),(1816,217,'长岭县',3),(1817,217,'乾安县',3),(1818,217,'扶余县',3),(1819,218,'东昌区',3),(1820,218,'二道江区',3),(1821,218,'梅河口市',3),(1822,218,'集安市',3),(1823,218,'通化县',3),(1824,218,'辉南县',3),(1825,218,'柳河县',3),(1826,219,'延吉市',3),(1827,219,'图们市',3),(1828,219,'敦化市',3),(1829,219,'珲春市',3),(1830,219,'龙井市',3),(1831,219,'和龙市',3),(1832,219,'安图县',3),(1833,219,'汪清县',3),(1834,220,'玄武区',3),(1835,220,'鼓楼区',3),(1836,220,'白下区',3),(1837,220,'建邺区',3),(1838,220,'秦淮区',3),(1839,220,'雨花台区',3),(1840,220,'下关区',3),(1841,220,'栖霞区',3),(1842,220,'浦口区',3),(1843,220,'江宁区',3),(1844,220,'六合区',3),(1845,220,'溧水县',3),(1846,220,'高淳县',3),(1847,221,'沧浪区',3),(1848,221,'金阊区',3),(1849,221,'平江区',3),(1850,221,'虎丘区',3),(1851,221,'吴中区',3),(1852,221,'相城区',3),(1853,221,'园区',3),(1854,221,'新区',3),(1855,221,'常熟市',3),(1856,221,'张家港市',3),(1857,221,'玉山镇',3),(1858,221,'巴城镇',3),(1859,221,'周市镇',3),(1860,221,'陆家镇',3),(1861,221,'花桥镇',3),(1862,221,'淀山湖镇',3),(1863,221,'张浦镇',3),(1864,221,'周庄镇',3),(1865,221,'千灯镇',3),(1866,221,'锦溪镇',3),(1867,221,'开发区',3),(1868,221,'吴江市',3),(1869,221,'太仓市',3),(1870,222,'崇安区',3),(1871,222,'北塘区',3),(1872,222,'南长区',3),(1873,222,'锡山区',3),(1874,222,'惠山区',3),(1875,222,'滨湖区',3),(1876,222,'新区',3),(1877,222,'江阴市',3),(1878,222,'宜兴市',3),(1879,223,'天宁区',3),(1880,223,'钟楼区',3),(1881,223,'戚墅堰区',3),(1882,223,'郊区',3),(1883,223,'新北区',3),(1884,223,'武进区',3),(1885,223,'溧阳市',3),(1886,223,'金坛市',3),(1887,224,'清河区',3),(1888,224,'清浦区',3),(1889,224,'楚州区',3),(1890,224,'淮阴区',3),(1891,224,'涟水县',3),(1892,224,'洪泽县',3),(1893,224,'盱眙县',3),(1894,224,'金湖县',3),(1895,225,'新浦区',3),(1896,225,'连云区',3),(1897,225,'海州区',3),(1898,225,'赣榆县',3),(1899,225,'东海县',3),(1900,225,'灌云县',3),(1901,225,'灌南县',3),(1902,226,'崇川区',3),(1903,226,'港闸区',3),(1904,226,'经济开发区',3),(1905,226,'启东市',3),(1906,226,'如皋市',3),(1907,226,'通州市',3),(1908,226,'海门市',3),(1909,226,'海安县',3),(1910,226,'如东县',3),(1911,227,'宿城区',3),(1912,227,'宿豫区',3),(1913,227,'宿豫县',3),(1914,227,'沭阳县',3),(1915,227,'泗阳县',3),(1916,227,'泗洪县',3),(1917,228,'海陵区',3),(1918,228,'高港区',3),(1919,228,'兴化市',3),(1920,228,'靖江市',3),(1921,228,'泰兴市',3),(1922,228,'姜堰市',3),(1923,229,'云龙区',3),(1924,229,'鼓楼区',3),(1925,229,'九里区',3),(1926,229,'贾汪区',3),(1927,229,'泉山区',3),(1928,229,'新沂市',3),(1929,229,'邳州市',3),(1930,229,'丰县',3),(1931,229,'沛县',3),(1932,229,'铜山县',3),(1933,229,'睢宁县',3),(1934,230,'城区',3),(1935,230,'亭湖区',3),(1936,230,'盐都区',3),(1937,230,'盐都县',3),(1938,230,'东台市',3),(1939,230,'大丰市',3),(1940,230,'响水县',3),(1941,230,'滨海县',3),(1942,230,'阜宁县',3),(1943,230,'射阳县',3),(1944,230,'建湖县',3),(1945,231,'广陵区',3),(1946,231,'维扬区',3),(1947,231,'邗江区',3),(1948,231,'仪征市',3),(1949,231,'高邮市',3),(1950,231,'江都市',3),(1951,231,'宝应县',3),(1952,232,'京口区',3),(1953,232,'润州区',3),(1954,232,'丹徒区',3),(1955,232,'丹阳市',3),(1956,232,'扬中市',3),(1957,232,'句容市',3),(1958,233,'东湖区',3),(1959,233,'西湖区',3),(1960,233,'青云谱区',3),(1961,233,'湾里区',3),(1962,233,'青山湖区',3),(1963,233,'红谷滩新区',3),(1964,233,'昌北区',3),(1965,233,'高新区',3),(1966,233,'南昌县',3),(1967,233,'新建县',3),(1968,233,'安义县',3),(1969,233,'进贤县',3),(1970,234,'临川区',3),(1971,234,'南城县',3),(1972,234,'黎川县',3),(1973,234,'南丰县',3),(1974,234,'崇仁县',3),(1975,234,'乐安县',3),(1976,234,'宜黄县',3),(1977,234,'金溪县',3),(1978,234,'资溪县',3),(1979,234,'东乡县',3),(1980,234,'广昌县',3),(1981,235,'章贡区',3),(1982,235,'于都县',3),(1983,235,'瑞金市',3),(1984,235,'南康市',3),(1985,235,'赣县',3),(1986,235,'信丰县',3),(1987,235,'大余县',3),(1988,235,'上犹县',3),(1989,235,'崇义县',3),(1990,235,'安远县',3),(1991,235,'龙南县',3),(1992,235,'定南县',3),(1993,235,'全南县',3),(1994,235,'宁都县',3),(1995,235,'兴国县',3),(1996,235,'会昌县',3),(1997,235,'寻乌县',3),(1998,235,'石城县',3),(1999,236,'安福县',3),(2000,236,'吉州区',3),(2001,236,'青原区',3),(2002,236,'井冈山市',3),(2003,236,'吉安县',3),(2004,236,'吉水县',3),(2005,236,'峡江县',3),(2006,236,'新干县',3),(2007,236,'永丰县',3),(2008,236,'泰和县',3),(2009,236,'遂川县',3),(2010,236,'万安县',3),(2011,236,'永新县',3),(2012,237,'珠山区',3),(2013,237,'昌江区',3),(2014,237,'乐平市',3),(2015,237,'浮梁县',3),(2016,238,'浔阳区',3),(2017,238,'庐山区',3),(2018,238,'瑞昌市',3),(2019,238,'九江县',3),(2020,238,'武宁县',3),(2021,238,'修水县',3),(2022,238,'永修县',3),(2023,238,'德安县',3),(2024,238,'星子县',3),(2025,238,'都昌县',3),(2026,238,'湖口县',3),(2027,238,'彭泽县',3),(2028,239,'安源区',3),(2029,239,'湘东区',3),(2030,239,'莲花县',3),(2031,239,'芦溪县',3),(2032,239,'上栗县',3),(2033,240,'信州区',3),(2034,240,'德兴市',3),(2035,240,'上饶县',3),(2036,240,'广丰县',3),(2037,240,'玉山县',3),(2038,240,'铅山县',3),(2039,240,'横峰县',3),(2040,240,'弋阳县',3),(2041,240,'余干县',3),(2042,240,'波阳县',3),(2043,240,'万年县',3),(2044,240,'婺源县',3),(2045,241,'渝水区',3),(2046,241,'分宜县',3),(2047,242,'袁州区',3),(2048,242,'丰城市',3),(2049,242,'樟树市',3),(2050,242,'高安市',3),(2051,242,'奉新县',3),(2052,242,'万载县',3),(2053,242,'上高县',3),(2054,242,'宜丰县',3),(2055,242,'靖安县',3),(2056,242,'铜鼓县',3),(2057,243,'月湖区',3),(2058,243,'贵溪市',3),(2059,243,'余江县',3),(2060,244,'沈河区',3),(2061,244,'皇姑区',3),(2062,244,'和平区',3),(2063,244,'大东区',3),(2064,244,'铁西区',3),(2065,244,'苏家屯区',3),(2066,244,'东陵区',3),(2067,244,'沈北新区',3),(2068,244,'于洪区',3),(2069,244,'浑南新区',3),(2070,244,'新民市',3),(2071,244,'辽中县',3),(2072,244,'康平县',3),(2073,244,'法库县',3),(2074,245,'西岗区',3),(2075,245,'中山区',3),(2076,245,'沙河口区',3),(2077,245,'甘井子区',3),(2078,245,'旅顺口区',3),(2079,245,'金州区',3),(2080,245,'开发区',3),(2081,245,'瓦房店市',3),(2082,245,'普兰店市',3),(2083,245,'庄河市',3),(2084,245,'长海县',3),(2085,246,'铁东区',3),(2086,246,'铁西区',3),(2087,246,'立山区',3),(2088,246,'千山区',3),(2089,246,'岫岩',3),(2090,246,'海城市',3),(2091,246,'台安县',3),(2092,247,'本溪',3),(2093,247,'平山区',3),(2094,247,'明山区',3),(2095,247,'溪湖区',3),(2096,247,'南芬区',3),(2097,247,'桓仁',3),(2098,248,'双塔区',3),(2099,248,'龙城区',3),(2100,248,'喀喇沁左翼蒙古族自治县',3),(2101,248,'北票市',3),(2102,248,'凌源市',3),(2103,248,'朝阳县',3),(2104,248,'建平县',3),(2105,249,'振兴区',3),(2106,249,'元宝区',3),(2107,249,'振安区',3),(2108,249,'宽甸',3),(2109,249,'东港市',3),(2110,249,'凤城市',3),(2111,250,'顺城区',3),(2112,250,'新抚区',3),(2113,250,'东洲区',3),(2114,250,'望花区',3),(2115,250,'清原',3),(2116,250,'新宾',3),(2117,250,'抚顺县',3),(2118,251,'阜新',3),(2119,251,'海州区',3),(2120,251,'新邱区',3),(2121,251,'太平区',3),(2122,251,'清河门区',3),(2123,251,'细河区',3),(2124,251,'彰武县',3),(2125,252,'龙港区',3),(2126,252,'南票区',3),(2127,252,'连山区',3),(2128,252,'兴城市',3),(2129,252,'绥中县',3),(2130,252,'建昌县',3),(2131,253,'太和区',3),(2132,253,'古塔区',3),(2133,253,'凌河区',3),(2134,253,'凌海市',3),(2135,253,'北镇市',3),(2136,253,'黑山县',3),(2137,253,'义县',3),(2138,254,'白塔区',3),(2139,254,'文圣区',3),(2140,254,'宏伟区',3),(2141,254,'太子河区',3),(2142,254,'弓长岭区',3),(2143,254,'灯塔市',3),(2144,254,'辽阳县',3),(2145,255,'双台子区',3),(2146,255,'兴隆台区',3),(2147,255,'大洼县',3),(2148,255,'盘山县',3),(2149,256,'银州区',3),(2150,256,'清河区',3),(2151,256,'调兵山市',3),(2152,256,'开原市',3),(2153,256,'铁岭县',3),(2154,256,'西丰县',3),(2155,256,'昌图县',3),(2156,257,'站前区',3),(2157,257,'西市区',3),(2158,257,'鲅鱼圈区',3),(2159,257,'老边区',3),(2160,257,'盖州市',3),(2161,257,'大石桥市',3),(2162,258,'回民区',3),(2163,258,'玉泉区',3),(2164,258,'新城区',3),(2165,258,'赛罕区',3),(2166,258,'清水河县',3),(2167,258,'土默特左旗',3),(2168,258,'托克托县',3),(2169,258,'和林格尔县',3),(2170,258,'武川县',3),(2171,259,'阿拉善左旗',3),(2172,259,'阿拉善右旗',3),(2173,259,'额济纳旗',3),(2174,260,'临河区',3),(2175,260,'五原县',3),(2176,260,'磴口县',3),(2177,260,'乌拉特前旗',3),(2178,260,'乌拉特中旗',3),(2179,260,'乌拉特后旗',3),(2180,260,'杭锦后旗',3),(2181,261,'昆都仑区',3),(2182,261,'青山区',3),(2183,261,'东河区',3),(2184,261,'九原区',3),(2185,261,'石拐区',3),(2186,261,'白云矿区',3),(2187,261,'土默特右旗',3),(2188,261,'固阳县',3),(2189,261,'达尔罕茂明安联合旗',3),(2190,262,'红山区',3),(2191,262,'元宝山区',3),(2192,262,'松山区',3),(2193,262,'阿鲁科尔沁旗',3),(2194,262,'巴林左旗',3),(2195,262,'巴林右旗',3),(2196,262,'林西县',3),(2197,262,'克什克腾旗',3),(2198,262,'翁牛特旗',3),(2199,262,'喀喇沁旗',3),(2200,262,'宁城县',3),(2201,262,'敖汉旗',3),(2202,263,'东胜区',3),(2203,263,'达拉特旗',3),(2204,263,'准格尔旗',3),(2205,263,'鄂托克前旗',3),(2206,263,'鄂托克旗',3),(2207,263,'杭锦旗',3),(2208,263,'乌审旗',3),(2209,263,'伊金霍洛旗',3),(2210,264,'海拉尔区',3),(2211,264,'莫力达瓦',3),(2212,264,'满洲里市',3),(2213,264,'牙克石市',3),(2214,264,'扎兰屯市',3),(2215,264,'额尔古纳市',3),(2216,264,'根河市',3),(2217,264,'阿荣旗',3),(2218,264,'鄂伦春自治旗',3),(2219,264,'鄂温克族自治旗',3),(2220,264,'陈巴尔虎旗',3),(2221,264,'新巴尔虎左旗',3),(2222,264,'新巴尔虎右旗',3),(2223,265,'科尔沁区',3),(2224,265,'霍林郭勒市',3),(2225,265,'科尔沁左翼中旗',3),(2226,265,'科尔沁左翼后旗',3),(2227,265,'开鲁县',3),(2228,265,'库伦旗',3),(2229,265,'奈曼旗',3),(2230,265,'扎鲁特旗',3),(2231,266,'海勃湾区',3),(2232,266,'乌达区',3),(2233,266,'海南区',3),(2234,267,'化德县',3),(2235,267,'集宁区',3),(2236,267,'丰镇市',3),(2237,267,'卓资县',3),(2238,267,'商都县',3),(2239,267,'兴和县',3),(2240,267,'凉城县',3),(2241,267,'察哈尔右翼前旗',3),(2242,267,'察哈尔右翼中旗',3),(2243,267,'察哈尔右翼后旗',3),(2244,267,'四子王旗',3),(2245,268,'二连浩特市',3),(2246,268,'锡林浩特市',3),(2247,268,'阿巴嘎旗',3),(2248,268,'苏尼特左旗',3),(2249,268,'苏尼特右旗',3),(2250,268,'东乌珠穆沁旗',3),(2251,268,'西乌珠穆沁旗',3),(2252,268,'太仆寺旗',3),(2253,268,'镶黄旗',3),(2254,268,'正镶白旗',3),(2255,268,'正蓝旗',3),(2256,268,'多伦县',3),(2257,269,'乌兰浩特市',3),(2258,269,'阿尔山市',3),(2259,269,'科尔沁右翼前旗',3),(2260,269,'科尔沁右翼中旗',3),(2261,269,'扎赉特旗',3),(2262,269,'突泉县',3),(2263,270,'西夏区',3),(2264,270,'金凤区',3),(2265,270,'兴庆区',3),(2266,270,'灵武市',3),(2267,270,'永宁县',3),(2268,270,'贺兰县',3),(2269,271,'原州区',3),(2270,271,'海原县',3),(2271,271,'西吉县',3),(2272,271,'隆德县',3),(2273,271,'泾源县',3),(2274,271,'彭阳县',3),(2275,272,'惠农县',3),(2276,272,'大武口区',3),(2277,272,'惠农区',3),(2278,272,'陶乐县',3),(2279,272,'平罗县',3),(2280,273,'利通区',3),(2281,273,'中卫县',3),(2282,273,'青铜峡市',3),(2283,273,'中宁县',3),(2284,273,'盐池县',3),(2285,273,'同心县',3),(2286,274,'沙坡头区',3),(2287,274,'海原县',3),(2288,274,'中宁县',3),(2289,275,'城中区',3),(2290,275,'城东区',3),(2291,275,'城西区',3),(2292,275,'城北区',3),(2293,275,'湟中县',3),(2294,275,'湟源县',3),(2295,275,'大通',3),(2296,276,'玛沁县',3),(2297,276,'班玛县',3),(2298,276,'甘德县',3),(2299,276,'达日县',3),(2300,276,'久治县',3),(2301,276,'玛多县',3),(2302,277,'海晏县',3),(2303,277,'祁连县',3),(2304,277,'刚察县',3),(2305,277,'门源',3),(2306,278,'平安县',3),(2307,278,'乐都县',3),(2308,278,'民和',3),(2309,278,'互助',3),(2310,278,'化隆',3),(2311,278,'循化',3),(2312,279,'共和县',3),(2313,279,'同德县',3),(2314,279,'贵德县',3),(2315,279,'兴海县',3),(2316,279,'贵南县',3),(2317,280,'德令哈市',3),(2318,280,'格尔木市',3),(2319,280,'乌兰县',3),(2320,280,'都兰县',3),(2321,280,'天峻县',3),(2322,281,'同仁县',3),(2323,281,'尖扎县',3),(2324,281,'泽库县',3),(2325,281,'河南蒙古族自治县',3),(2326,282,'玉树县',3),(2327,282,'杂多县',3),(2328,282,'称多县',3),(2329,282,'治多县',3),(2330,282,'囊谦县',3),(2331,282,'曲麻莱县',3),(2332,283,'市中区',3),(2333,283,'历下区',3),(2334,283,'天桥区',3),(2335,283,'槐荫区',3),(2336,283,'历城区',3),(2337,283,'长清区',3),(2338,283,'章丘市',3),(2339,283,'平阴县',3),(2340,283,'济阳县',3),(2341,283,'商河县',3),(2342,284,'市南区',3),(2343,284,'市北区',3),(2344,284,'城阳区',3),(2345,284,'四方区',3),(2346,284,'李沧区',3),(2347,284,'黄岛区',3),(2348,284,'崂山区',3),(2349,284,'胶州市',3),(2350,284,'即墨市',3),(2351,284,'平度市',3),(2352,284,'胶南市',3),(2353,284,'莱西市',3),(2354,285,'滨城区',3),(2355,285,'惠民县',3),(2356,285,'阳信县',3),(2357,285,'无棣县',3),(2358,285,'沾化县',3),(2359,285,'博兴县',3),(2360,285,'邹平县',3),(2361,286,'德城区',3),(2362,286,'陵县',3),(2363,286,'乐陵市',3),(2364,286,'禹城市',3),(2365,286,'宁津县',3),(2366,286,'庆云县',3),(2367,286,'临邑县',3),(2368,286,'齐河县',3),(2369,286,'平原县',3),(2370,286,'夏津县',3),(2371,286,'武城县',3),(2372,287,'东营区',3),(2373,287,'河口区',3),(2374,287,'垦利县',3),(2375,287,'利津县',3),(2376,287,'广饶县',3),(2377,288,'牡丹区',3),(2378,288,'曹县',3),(2379,288,'单县',3),(2380,288,'成武县',3),(2381,288,'巨野县',3),(2382,288,'郓城县',3),(2383,288,'鄄城县',3),(2384,288,'定陶县',3),(2385,288,'东明县',3),(2386,289,'市中区',3),(2387,289,'任城区',3),(2388,289,'曲阜市',3),(2389,289,'兖州市',3),(2390,289,'邹城市',3),(2391,289,'微山县',3),(2392,289,'鱼台县',3),(2393,289,'金乡县',3),(2394,289,'嘉祥县',3),(2395,289,'汶上县',3),(2396,289,'泗水县',3),(2397,289,'梁山县',3),(2398,290,'莱城区',3),(2399,290,'钢城区',3),(2400,291,'东昌府区',3),(2401,291,'临清市',3),(2402,291,'阳谷县',3),(2403,291,'莘县',3),(2404,291,'茌平县',3),(2405,291,'东阿县',3),(2406,291,'冠县',3),(2407,291,'高唐县',3),(2408,292,'兰山区',3),(2409,292,'罗庄区',3),(2410,292,'河东区',3),(2411,292,'沂南县',3),(2412,292,'郯城县',3),(2413,292,'沂水县',3),(2414,292,'苍山县',3),(2415,292,'费县',3),(2416,292,'平邑县',3),(2417,292,'莒南县',3),(2418,292,'蒙阴县',3),(2419,292,'临沭县',3),(2420,293,'东港区',3),(2421,293,'岚山区',3),(2422,293,'五莲县',3),(2423,293,'莒县',3),(2424,294,'泰山区',3),(2425,294,'岱岳区',3),(2426,294,'新泰市',3),(2427,294,'肥城市',3),(2428,294,'宁阳县',3),(2429,294,'东平县',3),(2430,295,'荣成市',3),(2431,295,'乳山市',3),(2432,295,'环翠区',3),(2433,295,'文登市',3),(2434,296,'潍城区',3),(2435,296,'寒亭区',3),(2436,296,'坊子区',3),(2437,296,'奎文区',3),(2438,296,'青州市',3),(2439,296,'诸城市',3),(2440,296,'寿光市',3),(2441,296,'安丘市',3),(2442,296,'高密市',3),(2443,296,'昌邑市',3),(2444,296,'临朐县',3),(2445,296,'昌乐县',3),(2446,297,'芝罘区',3),(2447,297,'福山区',3),(2448,297,'牟平区',3),(2449,297,'莱山区',3),(2450,297,'开发区',3),(2451,297,'龙口市',3),(2452,297,'莱阳市',3),(2453,297,'莱州市',3),(2454,297,'蓬莱市',3),(2455,297,'招远市',3),(2456,297,'栖霞市',3),(2457,297,'海阳市',3),(2458,297,'长岛县',3),(2459,298,'市中区',3),(2460,298,'山亭区',3),(2461,298,'峄城区',3),(2462,298,'台儿庄区',3),(2463,298,'薛城区',3),(2464,298,'滕州市',3),(2465,299,'张店区',3),(2466,299,'临淄区',3),(2467,299,'淄川区',3),(2468,299,'博山区',3),(2469,299,'周村区',3),(2470,299,'桓台县',3),(2471,299,'高青县',3),(2472,299,'沂源县',3),(2473,300,'杏花岭区',3),(2474,300,'小店区',3),(2475,300,'迎泽区',3),(2476,300,'尖草坪区',3),(2477,300,'万柏林区',3),(2478,300,'晋源区',3),(2479,300,'高新开发区',3),(2480,300,'民营经济开发区',3),(2481,300,'经济技术开发区',3),(2482,300,'清徐县',3),(2483,300,'阳曲县',3),(2484,300,'娄烦县',3),(2485,300,'古交市',3),(2486,301,'城区',3),(2487,301,'郊区',3),(2488,301,'沁县',3),(2489,301,'潞城市',3),(2490,301,'长治县',3),(2491,301,'襄垣县',3),(2492,301,'屯留县',3),(2493,301,'平顺县',3),(2494,301,'黎城县',3),(2495,301,'壶关县',3),(2496,301,'长子县',3),(2497,301,'武乡县',3),(2498,301,'沁源县',3),(2499,302,'城区',3),(2500,302,'矿区',3),(2501,302,'南郊区',3),(2502,302,'新荣区',3),(2503,302,'阳高县',3),(2504,302,'天镇县',3),(2505,302,'广灵县',3),(2506,302,'灵丘县',3),(2507,302,'浑源县',3),(2508,302,'左云县',3),(2509,302,'大同县',3),(2510,303,'城区',3),(2511,303,'高平市',3),(2512,303,'沁水县',3),(2513,303,'阳城县',3),(2514,303,'陵川县',3),(2515,303,'泽州县',3),(2516,304,'榆次区',3),(2517,304,'介休市',3),(2518,304,'榆社县',3),(2519,304,'左权县',3),(2520,304,'和顺县',3),(2521,304,'昔阳县',3),(2522,304,'寿阳县',3),(2523,304,'太谷县',3),(2524,304,'祁县',3),(2525,304,'平遥县',3),(2526,304,'灵石县',3),(2527,305,'尧都区',3),(2528,305,'侯马市',3),(2529,305,'霍州市',3),(2530,305,'曲沃县',3),(2531,305,'翼城县',3),(2532,305,'襄汾县',3),(2533,305,'洪洞县',3),(2534,305,'吉县',3),(2535,305,'安泽县',3),(2536,305,'浮山县',3),(2537,305,'古县',3),(2538,305,'乡宁县',3),(2539,305,'大宁县',3),(2540,305,'隰县',3),(2541,305,'永和县',3),(2542,305,'蒲县',3),(2543,305,'汾西县',3),(2544,306,'离石市',3),(2545,306,'离石区',3),(2546,306,'孝义市',3),(2547,306,'汾阳市',3),(2548,306,'文水县',3),(2549,306,'交城县',3),(2550,306,'兴县',3),(2551,306,'临县',3),(2552,306,'柳林县',3),(2553,306,'石楼县',3),(2554,306,'岚县',3),(2555,306,'方山县',3),(2556,306,'中阳县',3),(2557,306,'交口县',3),(2558,307,'朔城区',3),(2559,307,'平鲁区',3),(2560,307,'山阴县',3),(2561,307,'应县',3),(2562,307,'右玉县',3),(2563,307,'怀仁县',3),(2564,308,'忻府区',3),(2565,308,'原平市',3),(2566,308,'定襄县',3),(2567,308,'五台县',3),(2568,308,'代县',3),(2569,308,'繁峙县',3),(2570,308,'宁武县',3),(2571,308,'静乐县',3),(2572,308,'神池县',3),(2573,308,'五寨县',3),(2574,308,'岢岚县',3),(2575,308,'河曲县',3),(2576,308,'保德县',3),(2577,308,'偏关县',3),(2578,309,'城区',3),(2579,309,'矿区',3),(2580,309,'郊区',3),(2581,309,'平定县',3),(2582,309,'盂县',3),(2583,310,'盐湖区',3),(2584,310,'永济市',3),(2585,310,'河津市',3),(2586,310,'临猗县',3),(2587,310,'万荣县',3),(2588,310,'闻喜县',3),(2589,310,'稷山县',3),(2590,310,'新绛县',3),(2591,310,'绛县',3),(2592,310,'垣曲县',3),(2593,310,'夏县',3),(2594,310,'平陆县',3),(2595,310,'芮城县',3),(2596,311,'莲湖区',3),(2597,311,'新城区',3),(2598,311,'碑林区',3),(2599,311,'雁塔区',3),(2600,311,'灞桥区',3),(2601,311,'未央区',3),(2602,311,'阎良区',3),(2603,311,'临潼区',3),(2604,311,'长安区',3),(2605,311,'蓝田县',3),(2606,311,'周至县',3),(2607,311,'户县',3),(2608,311,'高陵县',3),(2609,312,'汉滨区',3),(2610,312,'汉阴县',3),(2611,312,'石泉县',3),(2612,312,'宁陕县',3),(2613,312,'紫阳县',3),(2614,312,'岚皋县',3),(2615,312,'平利县',3),(2616,312,'镇坪县',3),(2617,312,'旬阳县',3),(2618,312,'白河县',3),(2619,313,'陈仓区',3),(2620,313,'渭滨区',3),(2621,313,'金台区',3),(2622,313,'凤翔县',3),(2623,313,'岐山县',3),(2624,313,'扶风县',3),(2625,313,'眉县',3),(2626,313,'陇县',3),(2627,313,'千阳县',3),(2628,313,'麟游县',3),(2629,313,'凤县',3),(2630,313,'太白县',3),(2631,314,'汉台区',3),(2632,314,'南郑县',3),(2633,314,'城固县',3),(2634,314,'洋县',3),(2635,314,'西乡县',3),(2636,314,'勉县',3),(2637,314,'宁强县',3),(2638,314,'略阳县',3),(2639,314,'镇巴县',3),(2640,314,'留坝县',3),(2641,314,'佛坪县',3),(2642,315,'商州区',3),(2643,315,'洛南县',3),(2644,315,'丹凤县',3),(2645,315,'商南县',3),(2646,315,'山阳县',3),(2647,315,'镇安县',3),(2648,315,'柞水县',3),(2649,316,'耀州区',3),(2650,316,'王益区',3),(2651,316,'印台区',3),(2652,316,'宜君县',3),(2653,317,'临渭区',3),(2654,317,'韩城市',3),(2655,317,'华阴市',3),(2656,317,'华县',3),(2657,317,'潼关县',3),(2658,317,'大荔县',3),(2659,317,'合阳县',3),(2660,317,'澄城县',3),(2661,317,'蒲城县',3),(2662,317,'白水县',3),(2663,317,'富平县',3),(2664,318,'秦都区',3),(2665,318,'渭城区',3),(2666,318,'杨陵区',3),(2667,318,'兴平市',3),(2668,318,'三原县',3),(2669,318,'泾阳县',3),(2670,318,'乾县',3),(2671,318,'礼泉县',3),(2672,318,'永寿县',3),(2673,318,'彬县',3),(2674,318,'长武县',3),(2675,318,'旬邑县',3),(2676,318,'淳化县',3),(2677,318,'武功县',3),(2678,319,'吴起县',3),(2679,319,'宝塔区',3),(2680,319,'延长县',3),(2681,319,'延川县',3),(2682,319,'子长县',3),(2683,319,'安塞县',3),(2684,319,'志丹县',3),(2685,319,'甘泉县',3),(2686,319,'富县',3),(2687,319,'洛川县',3),(2688,319,'宜川县',3),(2689,319,'黄龙县',3),(2690,319,'黄陵县',3),(2691,320,'榆阳区',3),(2692,320,'神木县',3),(2693,320,'府谷县',3),(2694,320,'横山县',3),(2695,320,'靖边县',3),(2696,320,'定边县',3),(2697,320,'绥德县',3),(2698,320,'米脂县',3),(2699,320,'佳县',3),(2700,320,'吴堡县',3),(2701,320,'清涧县',3),(2702,320,'子洲县',3),(2703,321,'长宁区',3),(2704,321,'闸北区',3),(2705,321,'闵行区',3),(2706,321,'徐汇区',3),(2707,321,'浦东新区',3),(2708,321,'杨浦区',3),(2709,321,'普陀区',3),(2710,321,'静安区',3),(2711,321,'卢湾区',3),(2712,321,'虹口区',3),(2713,321,'黄浦区',3),(2714,321,'南汇区',3),(2715,321,'松江区',3),(2716,321,'嘉定区',3),(2717,321,'宝山区',3),(2718,321,'青浦区',3),(2719,321,'金山区',3),(2720,321,'奉贤区',3),(2721,321,'崇明县',3),(2722,322,'青羊区',3),(2723,322,'锦江区',3),(2724,322,'金牛区',3),(2725,322,'武侯区',3),(2726,322,'成华区',3),(2727,322,'龙泉驿区',3),(2728,322,'青白江区',3),(2729,322,'新都区',3),(2730,322,'温江区',3),(2731,322,'高新区',3),(2732,322,'高新西区',3),(2733,322,'都江堰市',3),(2734,322,'彭州市',3),(2735,322,'邛崃市',3),(2736,322,'崇州市',3),(2737,322,'金堂县',3),(2738,322,'双流县',3),(2739,322,'郫县',3),(2740,322,'大邑县',3),(2741,322,'蒲江县',3),(2742,322,'新津县',3),(2743,322,'都江堰市',3),(2744,322,'彭州市',3),(2745,322,'邛崃市',3),(2746,322,'崇州市',3),(2747,322,'金堂县',3),(2748,322,'双流县',3),(2749,322,'郫县',3),(2750,322,'大邑县',3),(2751,322,'蒲江县',3),(2752,322,'新津县',3),(2753,323,'涪城区',3),(2754,323,'游仙区',3),(2755,323,'江油市',3),(2756,323,'盐亭县',3),(2757,323,'三台县',3),(2758,323,'平武县',3),(2759,323,'安县',3),(2760,323,'梓潼县',3),(2761,323,'北川县',3),(2762,324,'马尔康县',3),(2763,324,'汶川县',3),(2764,324,'理县',3),(2765,324,'茂县',3),(2766,324,'松潘县',3),(2767,324,'九寨沟县',3),(2768,324,'金川县',3),(2769,324,'小金县',3),(2770,324,'黑水县',3),(2771,324,'壤塘县',3),(2772,324,'阿坝县',3),(2773,324,'若尔盖县',3),(2774,324,'红原县',3),(2775,325,'巴州区',3),(2776,325,'通江县',3),(2777,325,'南江县',3),(2778,325,'平昌县',3),(2779,326,'通川区',3),(2780,326,'万源市',3),(2781,326,'达县',3),(2782,326,'宣汉县',3),(2783,326,'开江县',3),(2784,326,'大竹县',3),(2785,326,'渠县',3),(2786,327,'旌阳区',3),(2787,327,'广汉市',3),(2788,327,'什邡市',3),(2789,327,'绵竹市',3),(2790,327,'罗江县',3),(2791,327,'中江县',3),(2792,328,'康定县',3),(2793,328,'丹巴县',3),(2794,328,'泸定县',3),(2795,328,'炉霍县',3),(2796,328,'九龙县',3),(2797,328,'甘孜县',3),(2798,328,'雅江县',3),(2799,328,'新龙县',3),(2800,328,'道孚县',3),(2801,328,'白玉县',3),(2802,328,'理塘县',3),(2803,328,'德格县',3),(2804,328,'乡城县',3),(2805,328,'石渠县',3),(2806,328,'稻城县',3),(2807,328,'色达县',3),(2808,328,'巴塘县',3),(2809,328,'得荣县',3),(2810,329,'广安区',3),(2811,329,'华蓥市',3),(2812,329,'岳池县',3),(2813,329,'武胜县',3),(2814,329,'邻水县',3),(2815,330,'利州区',3),(2816,330,'元坝区',3),(2817,330,'朝天区',3),(2818,330,'旺苍县',3),(2819,330,'青川县',3),(2820,330,'剑阁县',3),(2821,330,'苍溪县',3),(2822,331,'峨眉山市',3),(2823,331,'乐山市',3),(2824,331,'犍为县',3),(2825,331,'井研县',3),(2826,331,'夹江县',3),(2827,331,'沐川县',3),(2828,331,'峨边',3),(2829,331,'马边',3),(2830,332,'西昌市',3),(2831,332,'盐源县',3),(2832,332,'德昌县',3),(2833,332,'会理县',3),(2834,332,'会东县',3),(2835,332,'宁南县',3),(2836,332,'普格县',3),(2837,332,'布拖县',3),(2838,332,'金阳县',3),(2839,332,'昭觉县',3),(2840,332,'喜德县',3),(2841,332,'冕宁县',3),(2842,332,'越西县',3),(2843,332,'甘洛县',3),(2844,332,'美姑县',3),(2845,332,'雷波县',3),(2846,332,'木里',3),(2847,333,'东坡区',3),(2848,333,'仁寿县',3),(2849,333,'彭山县',3),(2850,333,'洪雅县',3),(2851,333,'丹棱县',3),(2852,333,'青神县',3),(2853,334,'阆中市',3),(2854,334,'南部县',3),(2855,334,'营山县',3),(2856,334,'蓬安县',3),(2857,334,'仪陇县',3),(2858,334,'顺庆区',3),(2859,334,'高坪区',3),(2860,334,'嘉陵区',3),(2861,334,'西充县',3),(2862,335,'市中区',3),(2863,335,'东兴区',3),(2864,335,'威远县',3),(2865,335,'资中县',3),(2866,335,'隆昌县',3),(2867,336,'东  区',3),(2868,336,'西  区',3),(2869,336,'仁和区',3),(2870,336,'米易县',3),(2871,336,'盐边县',3),(2872,337,'船山区',3),(2873,337,'安居区',3),(2874,337,'蓬溪县',3),(2875,337,'射洪县',3),(2876,337,'大英县',3),(2877,338,'雨城区',3),(2878,338,'名山县',3),(2879,338,'荥经县',3),(2880,338,'汉源县',3),(2881,338,'石棉县',3),(2882,338,'天全县',3),(2883,338,'芦山县',3),(2884,338,'宝兴县',3),(2885,339,'翠屏区',3),(2886,339,'宜宾县',3),(2887,339,'南溪县',3),(2888,339,'江安县',3),(2889,339,'长宁县',3),(2890,339,'高县',3),(2891,339,'珙县',3),(2892,339,'筠连县',3),(2893,339,'兴文县',3),(2894,339,'屏山县',3),(2895,340,'雁江区',3),(2896,340,'简阳市',3),(2897,340,'安岳县',3),(2898,340,'乐至县',3),(2899,341,'大安区',3),(2900,341,'自流井区',3),(2901,341,'贡井区',3),(2902,341,'沿滩区',3),(2903,341,'荣县',3),(2904,341,'富顺县',3),(2905,342,'江阳区',3),(2906,342,'纳溪区',3),(2907,342,'龙马潭区',3),(2908,342,'泸县',3),(2909,342,'合江县',3),(2910,342,'叙永县',3),(2911,342,'古蔺县',3),(2912,343,'和平区',3),(2913,343,'河西区',3),(2914,343,'南开区',3),(2915,343,'河北区',3),(2916,343,'河东区',3),(2917,343,'红桥区',3),(2918,343,'东丽区',3),(2919,343,'津南区',3),(2920,343,'西青区',3),(2921,343,'北辰区',3),(2922,343,'塘沽区',3),(2923,343,'汉沽区',3),(2924,343,'大港区',3),(2925,343,'武清区',3),(2926,343,'宝坻区',3),(2927,343,'经济开发区',3),(2928,343,'宁河县',3),(2929,343,'静海县',3),(2930,343,'蓟县',3),(2931,344,'城关区',3),(2932,344,'林周县',3),(2933,344,'当雄县',3),(2934,344,'尼木县',3),(2935,344,'曲水县',3),(2936,344,'堆龙德庆县',3),(2937,344,'达孜县',3),(2938,344,'墨竹工卡县',3),(2939,345,'噶尔县',3),(2940,345,'普兰县',3),(2941,345,'札达县',3),(2942,345,'日土县',3),(2943,345,'革吉县',3),(2944,345,'改则县',3),(2945,345,'措勤县',3),(2946,346,'昌都县',3),(2947,346,'江达县',3),(2948,346,'贡觉县',3),(2949,346,'类乌齐县',3),(2950,346,'丁青县',3),(2951,346,'察雅县',3),(2952,346,'八宿县',3),(2953,346,'左贡县',3),(2954,346,'芒康县',3),(2955,346,'洛隆县',3),(2956,346,'边坝县',3),(2957,347,'林芝县',3),(2958,347,'工布江达县',3),(2959,347,'米林县',3),(2960,347,'墨脱县',3),(2961,347,'波密县',3),(2962,347,'察隅县',3),(2963,347,'朗县',3),(2964,348,'那曲县',3),(2965,348,'嘉黎县',3),(2966,348,'比如县',3),(2967,348,'聂荣县',3),(2968,348,'安多县',3),(2969,348,'申扎县',3),(2970,348,'索县',3),(2971,348,'班戈县',3),(2972,348,'巴青县',3),(2973,348,'尼玛县',3),(2974,349,'日喀则市',3),(2975,349,'南木林县',3),(2976,349,'江孜县',3),(2977,349,'定日县',3),(2978,349,'萨迦县',3),(2979,349,'拉孜县',3),(2980,349,'昂仁县',3),(2981,349,'谢通门县',3),(2982,349,'白朗县',3),(2983,349,'仁布县',3),(2984,349,'康马县',3),(2985,349,'定结县',3),(2986,349,'仲巴县',3),(2987,349,'亚东县',3),(2988,349,'吉隆县',3),(2989,349,'聂拉木县',3),(2990,349,'萨嘎县',3),(2991,349,'岗巴县',3),(2992,350,'乃东县',3),(2993,350,'扎囊县',3),(2994,350,'贡嘎县',3),(2995,350,'桑日县',3),(2996,350,'琼结县',3),(2997,350,'曲松县',3),(2998,350,'措美县',3),(2999,350,'洛扎县',3),(3000,350,'加查县',3),(3001,350,'隆子县',3),(3002,350,'错那县',3),(3003,350,'浪卡子县',3),(3004,351,'天山区',3),(3005,351,'沙依巴克区',3),(3006,351,'新市区',3),(3007,351,'水磨沟区',3),(3008,351,'头屯河区',3),(3009,351,'达坂城区',3),(3010,351,'米东区',3),(3011,351,'乌鲁木齐县',3),(3012,352,'阿克苏市',3),(3013,352,'温宿县',3),(3014,352,'库车县',3),(3015,352,'沙雅县',3),(3016,352,'新和县',3),(3017,352,'拜城县',3),(3018,352,'乌什县',3),(3019,352,'阿瓦提县',3),(3020,352,'柯坪县',3),(3021,353,'阿拉尔市',3),(3022,354,'库尔勒市',3),(3023,354,'轮台县',3),(3024,354,'尉犁县',3),(3025,354,'若羌县',3),(3026,354,'且末县',3),(3027,354,'焉耆',3),(3028,354,'和静县',3),(3029,354,'和硕县',3),(3030,354,'博湖县',3),(3031,355,'博乐市',3),(3032,355,'精河县',3),(3033,355,'温泉县',3),(3034,356,'呼图壁县',3),(3035,356,'米泉市',3),(3036,356,'昌吉市',3),(3037,356,'阜康市',3),(3038,356,'玛纳斯县',3),(3039,356,'奇台县',3),(3040,356,'吉木萨尔县',3),(3041,356,'木垒',3),(3042,357,'哈密市',3),(3043,357,'伊吾县',3),(3044,357,'巴里坤',3),(3045,358,'和田市',3),(3046,358,'和田县',3),(3047,358,'墨玉县',3),(3048,358,'皮山县',3),(3049,358,'洛浦县',3),(3050,358,'策勒县',3),(3051,358,'于田县',3),(3052,358,'民丰县',3),(3053,359,'喀什市',3),(3054,359,'疏附县',3),(3055,359,'疏勒县',3),(3056,359,'英吉沙县',3),(3057,359,'泽普县',3),(3058,359,'莎车县',3),(3059,359,'叶城县',3),(3060,359,'麦盖提县',3),(3061,359,'岳普湖县',3),(3062,359,'伽师县',3),(3063,359,'巴楚县',3),(3064,359,'塔什库尔干',3),(3065,360,'克拉玛依市',3),(3066,361,'阿图什市',3),(3067,361,'阿克陶县',3),(3068,361,'阿合奇县',3),(3069,361,'乌恰县',3),(3070,362,'石河子市',3),(3071,363,'图木舒克市',3),(3072,364,'吐鲁番市',3),(3073,364,'鄯善县',3),(3074,364,'托克逊县',3),(3075,365,'五家渠市',3),(3076,366,'阿勒泰市',3),(3077,366,'布克赛尔',3),(3078,366,'伊宁市',3),(3079,366,'布尔津县',3),(3080,366,'奎屯市',3),(3081,366,'乌苏市',3),(3082,366,'额敏县',3),(3083,366,'富蕴县',3),(3084,366,'伊宁县',3),(3085,366,'福海县',3),(3086,366,'霍城县',3),(3087,366,'沙湾县',3),(3088,366,'巩留县',3),(3089,366,'哈巴河县',3),(3090,366,'托里县',3),(3091,366,'青河县',3),(3092,366,'新源县',3),(3093,366,'裕民县',3),(3094,366,'和布克赛尔',3),(3095,366,'吉木乃县',3),(3096,366,'昭苏县',3),(3097,366,'特克斯县',3),(3098,366,'尼勒克县',3),(3099,366,'察布查尔',3),(3100,367,'盘龙区',3),(3101,367,'五华区',3),(3102,367,'官渡区',3),(3103,367,'西山区',3),(3104,367,'东川区',3),(3105,367,'安宁市',3),(3106,367,'呈贡县',3),(3107,367,'晋宁县',3),(3108,367,'富民县',3),(3109,367,'宜良县',3),(3110,367,'嵩明县',3),(3111,367,'石林县',3),(3112,367,'禄劝',3),(3113,367,'寻甸',3),(3114,368,'兰坪',3),(3115,368,'泸水县',3),(3116,368,'福贡县',3),(3117,368,'贡山',3),(3118,369,'宁洱',3),(3119,369,'思茅区',3),(3120,369,'墨江',3),(3121,369,'景东',3),(3122,369,'景谷',3),(3123,369,'镇沅',3),(3124,369,'江城',3),(3125,369,'孟连',3),(3126,369,'澜沧',3),(3127,369,'西盟',3),(3128,370,'古城区',3),(3129,370,'宁蒗',3),(3130,370,'玉龙',3),(3131,370,'永胜县',3),(3132,370,'华坪县',3),(3133,371,'隆阳区',3),(3134,371,'施甸县',3),(3135,371,'腾冲县',3),(3136,371,'龙陵县',3),(3137,371,'昌宁县',3),(3138,372,'楚雄市',3),(3139,372,'双柏县',3),(3140,372,'牟定县',3),(3141,372,'南华县',3),(3142,372,'姚安县',3),(3143,372,'大姚县',3),(3144,372,'永仁县',3),(3145,372,'元谋县',3),(3146,372,'武定县',3),(3147,372,'禄丰县',3),(3148,373,'大理市',3),(3149,373,'祥云县',3),(3150,373,'宾川县',3),(3151,373,'弥渡县',3),(3152,373,'永平县',3),(3153,373,'云龙县',3),(3154,373,'洱源县',3),(3155,373,'剑川县',3),(3156,373,'鹤庆县',3),(3157,373,'漾濞',3),(3158,373,'南涧',3),(3159,373,'巍山',3),(3160,374,'潞西市',3),(3161,374,'瑞丽市',3),(3162,374,'梁河县',3),(3163,374,'盈江县',3),(3164,374,'陇川县',3),(3165,375,'香格里拉县',3),(3166,375,'德钦县',3),(3167,375,'维西',3),(3168,376,'泸西县',3),(3169,376,'蒙自县',3),(3170,376,'个旧市',3),(3171,376,'开远市',3),(3172,376,'绿春县',3),(3173,376,'建水县',3),(3174,376,'石屏县',3),(3175,376,'弥勒县',3),(3176,376,'元阳县',3),(3177,376,'红河县',3),(3178,376,'金平',3),(3179,376,'河口',3),(3180,376,'屏边',3),(3181,377,'临翔区',3),(3182,377,'凤庆县',3),(3183,377,'云县',3),(3184,377,'永德县',3),(3185,377,'镇康县',3),(3186,377,'双江',3),(3187,377,'耿马',3),(3188,377,'沧源',3),(3189,378,'麒麟区',3),(3190,378,'宣威市',3),(3191,378,'马龙县',3),(3192,378,'陆良县',3),(3193,378,'师宗县',3),(3194,378,'罗平县',3),(3195,378,'富源县',3),(3196,378,'会泽县',3),(3197,378,'沾益县',3),(3198,379,'文山县',3),(3199,379,'砚山县',3),(3200,379,'西畴县',3),(3201,379,'麻栗坡县',3),(3202,379,'马关县',3),(3203,379,'丘北县',3),(3204,379,'广南县',3),(3205,379,'富宁县',3),(3206,380,'景洪市',3),(3207,380,'勐海县',3),(3208,380,'勐腊县',3),(3209,381,'红塔区',3),(3210,381,'江川县',3),(3211,381,'澄江县',3),(3212,381,'通海县',3),(3213,381,'华宁县',3),(3214,381,'易门县',3),(3215,381,'峨山',3),(3216,381,'新平',3),(3217,381,'元江',3),(3218,382,'昭阳区',3),(3219,382,'鲁甸县',3),(3220,382,'巧家县',3),(3221,382,'盐津县',3),(3222,382,'大关县',3),(3223,382,'永善县',3),(3224,382,'绥江县',3),(3225,382,'镇雄县',3),(3226,382,'彝良县',3),(3227,382,'威信县',3),(3228,382,'水富县',3),(3229,383,'西湖区',3),(3230,383,'上城区',3),(3231,383,'下城区',3),(3232,383,'拱墅区',3),(3233,383,'滨江区',3),(3234,383,'江干区',3),(3235,383,'萧山区',3),(3236,383,'余杭区',3),(3237,383,'市郊',3),(3238,383,'建德市',3),(3239,383,'富阳市',3),(3240,383,'临安市',3),(3241,383,'桐庐县',3),(3242,383,'淳安县',3),(3243,384,'吴兴区',3),(3244,384,'南浔区',3),(3245,384,'德清县',3),(3246,384,'长兴县',3),(3247,384,'安吉县',3),(3248,385,'南湖区',3),(3249,385,'秀洲区',3),(3250,385,'海宁市',3),(3251,385,'嘉善县',3),(3252,385,'平湖市',3),(3253,385,'桐乡市',3),(3254,385,'海盐县',3),(3255,386,'婺城区',3),(3256,386,'金东区',3),(3257,386,'兰溪市',3),(3258,386,'市区',3),(3259,386,'佛堂镇',3),(3260,386,'上溪镇',3),(3261,386,'义亭镇',3),(3262,386,'大陈镇',3),(3263,386,'苏溪镇',3),(3264,386,'赤岸镇',3),(3265,386,'东阳市',3),(3266,386,'永康市',3),(3267,386,'武义县',3),(3268,386,'浦江县',3),(3269,386,'磐安县',3),(3270,387,'莲都区',3),(3271,387,'龙泉市',3),(3272,387,'青田县',3),(3273,387,'缙云县',3),(3274,387,'遂昌县',3),(3275,387,'松阳县',3),(3276,387,'云和县',3),(3277,387,'庆元县',3),(3278,387,'景宁',3),(3279,388,'海曙区',3),(3280,388,'江东区',3),(3281,388,'江北区',3),(3282,388,'镇海区',3),(3283,388,'北仑区',3),(3284,388,'鄞州区',3),(3285,388,'余姚市',3),(3286,388,'慈溪市',3),(3287,388,'奉化市',3),(3288,388,'象山县',3),(3289,388,'宁海县',3),(3290,389,'越城区',3),(3291,389,'上虞市',3),(3292,389,'嵊州市',3),(3293,389,'绍兴县',3),(3294,389,'新昌县',3),(3295,389,'诸暨市',3),(3296,390,'椒江区',3),(3297,390,'黄岩区',3),(3298,390,'路桥区',3),(3299,390,'温岭市',3),(3300,390,'临海市',3),(3301,390,'玉环县',3),(3302,390,'三门县',3),(3303,390,'天台县',3),(3304,390,'仙居县',3),(3305,391,'鹿城区',3),(3306,391,'龙湾区',3),(3307,391,'瓯海区',3),(3308,391,'瑞安市',3),(3309,391,'乐清市',3),(3310,391,'洞头县',3),(3311,391,'永嘉县',3),(3312,391,'平阳县',3),(3313,391,'苍南县',3),(3314,391,'文成县',3),(3315,391,'泰顺县',3),(3316,392,'定海区',3),(3317,392,'普陀区',3),(3318,392,'岱山县',3),(3319,392,'嵊泗县',3),(3320,393,'衢州市',3),(3321,393,'江山市',3),(3322,393,'常山县',3),(3323,393,'开化县',3),(3324,393,'龙游县',3),(3325,394,'合川区',3),(3326,394,'江津区',3),(3327,394,'南川区',3),(3328,394,'永川区',3),(3329,394,'南岸区',3),(3330,394,'渝北区',3),(3331,394,'万盛区',3),(3332,394,'大渡口区',3),(3333,394,'万州区',3),(3334,394,'北碚区',3),(3335,394,'沙坪坝区',3),(3336,394,'巴南区',3),(3337,394,'涪陵区',3),(3338,394,'江北区',3),(3339,394,'九龙坡区',3),(3340,394,'渝中区',3),(3341,394,'黔江开发区',3),(3342,394,'长寿区',3),(3343,394,'双桥区',3),(3344,394,'綦江县',3),(3345,394,'潼南县',3),(3346,394,'铜梁县',3),(3347,394,'大足县',3),(3348,394,'荣昌县',3),(3349,394,'璧山县',3),(3350,394,'垫江县',3),(3351,394,'武隆县',3),(3352,394,'丰都县',3),(3353,394,'城口县',3),(3354,394,'梁平县',3),(3355,394,'开县',3),(3356,394,'巫溪县',3),(3357,394,'巫山县',3),(3358,394,'奉节县',3),(3359,394,'云阳县',3),(3360,394,'忠县',3),(3361,394,'石柱',3),(3362,394,'彭水',3),(3363,394,'酉阳',3),(3364,394,'秀山',3),(3365,395,'沙田区',3),(3366,395,'东区',3),(3367,395,'观塘区',3),(3368,395,'黄大仙区',3),(3369,395,'九龙城区',3),(3370,395,'屯门区',3),(3371,395,'葵青区',3),(3372,395,'元朗区',3),(3373,395,'深水埗区',3),(3374,395,'西贡区',3),(3375,395,'大埔区',3),(3376,395,'湾仔区',3),(3377,395,'油尖旺区',3),(3378,395,'北区',3),(3379,395,'南区',3),(3380,395,'荃湾区',3),(3381,395,'中西区',3),(3382,395,'离岛区',3),(3383,396,'澳门',3),(3384,397,'台北',3),(3385,397,'高雄',3),(3386,397,'基隆',3),(3387,397,'台中',3),(3388,397,'台南',3),(3389,397,'新竹',3),(3390,397,'嘉义',3),(3391,397,'宜兰县',3),(3392,397,'桃园县',3),(3393,397,'苗栗县',3),(3394,397,'彰化县',3),(3395,397,'南投县',3),(3396,397,'云林县',3),(3397,397,'屏东县',3),(3398,397,'台东县',3),(3399,397,'花莲县',3),(3400,397,'澎湖县',3),(3401,3,'合肥',2),(3402,3401,'庐阳区',3),(3403,3401,'瑶海区',3),(3404,3401,'蜀山区',3),(3405,3401,'包河区',3),(3406,3401,'长丰县',3),(3407,3401,'肥东县',3),(3408,3401,'肥西县',3);

/*Table structure for table `sk_role` */

DROP TABLE IF EXISTS `sk_role`;

CREATE TABLE `sk_role` (
  `id` smallint(6) unsigned NOT NULL AUTO_INCREMENT,
  `name` varchar(20) NOT NULL,
  `status` tinyint(1) unsigned DEFAULT NULL,
  `remark` varchar(255) DEFAULT NULL,
  `create_time` int(11) unsigned NOT NULL,
  `update_time` int(11) unsigned NOT NULL,
  PRIMARY KEY (`id`),
  KEY `status` (`status`)
) ENGINE=MyISAM AUTO_INCREMENT=3 DEFAULT CHARSET=utf8;

/*Data for the table `sk_role` */

insert  into `sk_role`(`id`,`name`,`status`,`remark`,`create_time`,`update_time`) values (1,'管理员',1,'管理员',1208784792,1254325558),(2,'编辑',1,'编辑',1208784792,1254325558);

/*Table structure for table `sk_seo` */

DROP TABLE IF EXISTS `sk_seo`;

CREATE TABLE `sk_seo` (
  `description` text,
  `keywords` text,
  `title` varchar(250) DEFAULT NULL,
  `actionname` varchar(30) DEFAULT NULL,
  `id` int(10) unsigned NOT NULL AUTO_INCREMENT,
  PRIMARY KEY (`id`),
  KEY `actionname` (`actionname`)
) ENGINE=MyISAM AUTO_INCREMENT=19 DEFAULT CHARSET=utf8;

/*Data for the table `sk_seo` */

insert  into `sk_seo`(`description`,`keywords`,`title`,`actionname`,`id`) values ('{$site_name}是国内最大的优质商品购物分享社区，{$site_name}支持300多家b2c商家的商品发布。各路扮美达人与你分享购物经验、搭配秘笈、美人心计，发现喜欢，逛宝贝，逛街无处不做，让你感受逛街的乐趣吧。','{$site_name}，逛宝贝，促销活动，购物返现，购物返利','{$site_name}（http:）_ 发现喜欢，逛宝贝，逛街无处不在,让你感受逛街的乐趣','index',6),('{$name}让你发现当前流行的服饰搭配元素，喜欢逛街，逛宝贝，想要把衣服搭得美丽，来{$site_name}看时尚网友精心挑选出的当季最流行的衣服单品、最佳搭配、购买心得、购物链接，购物分享，逛街分享无处不做，让你感受逛街的乐趣。\r\n','{$name}最热单品','{$name}{$pname}{$lname}{$site_name}','cate',16),('{$site_name}让你发现当前流行的服饰搭配元素，喜欢逛街，逛宝贝，想要把衣服搭得美丽，来{$site_name}看时尚网友精心挑选出的当季最流行的衣服单品、最佳搭配、购买心得、购物链接，购物分享，逛街分享无处不做，让你感受逛街的乐趣。\r\n','{$tags}','【图】{$title}{$site_name}','item',17);

/*Table structure for table `sk_setting` */

DROP TABLE IF EXISTS `sk_setting`;

CREATE TABLE `sk_setting` (
  `name` varchar(100) NOT NULL,
  `data` text NOT NULL,
  KEY `name` (`name`)
) ENGINE=MyISAM DEFAULT CHARSET=utf8;

/*Data for the table `sk_setting` */

insert  into `sk_setting`(`name`,`data`) values ('site_name','v购'),('site_title','v购'),('site_keyword','v购'),('site_description','v购'),('site_status','1'),('site_icp','京ICP备88888888号'),('statistics_code','jjjj'),('closed_reason','升级'),('site_domain','http://www.vogo.com'),('default_kw','欧美,复古,日系,古典,女装,时尚'),('template','default'),('url_model','0'),('client_hash',''),('search_words','欧美,复古,日系,古典,女装,时尚,韩版'),('aboutus','V购'),('check_code','1'),('footer_share','rerer<span style=\"background-color:#E56600;\">ererer</span>'),('site_logo','./data/setting/550af16993c70.png'),('article_count','10'),('html_suffix','.html');

/*!40101 SET SQL_MODE=@OLD_SQL_MODE */;
/*!40014 SET FOREIGN_KEY_CHECKS=@OLD_FOREIGN_KEY_CHECKS */;
/*!40014 SET UNIQUE_CHECKS=@OLD_UNIQUE_CHECKS */;
/*!40111 SET SQL_NOTES=@OLD_SQL_NOTES */;
